Workbook

Sheet README
A1: HCR probe sets designed by Dragonaut9000
A2: This file holds one person's HCR probe sets. Every designer has their own file in the data folder of the HCR probe database, all with the same layout, and the probe finder viewer is built from all of them together.
A4: Sheets
A5: Probe_Sets has one row per gene × amplifier set; its pair counts come from Probe_Pairs, which has one row per P1/P2 pair linked by Set_ID. Templates holds target sequences if you have them (optional). Amplifiers is the reference list of initiator and spacer sequences, the same in every file.
A7: Set IDs
A8: Set IDs in this file start with "S" so they never clash with other people's files. Pair IDs are the Set_ID plus a two-digit pair number.
A10: Columns for you to fill in
A11: Headers in dark yellow are input columns (Status, Tube / location, Order date, Vendor / order ID, Notes); Status has a drop-down list. The other columns were filled when the file was built and checked: amplifier and P1/P2 were read from each oligo's own initiator, P1 and P2 were paired by position on the genome or template, and binding arms were matched against the NCBI B. anynana CDS (genome_cds.fa). Check notes summarizes anything worth a look; the pair-level detail is in the Pair flag column of Probe_Pairs.
A13: History
A14: Built from the original butterfly and zebrafish files, the per-gene and oPool sheets, set_1–3, genome_cds.fa and ncbi_annotation_ultimate.csv. Set IDs S001–S258 are kept from the first combined database.

Sheet Probe_Sets
A1: Set_ID | B1: Designed by | C1: Gene (short) | D1: Gene / protein name | E1: Organism | F1: LOC / GeneID | G1: NCBI accession | H1: Other ID | I1: Amplifier | J1: Fluorophore | K1: # pairs | L1: # pairs verified on template | M1: Same gene also on | N1: Names used in source files | O1: Source files | P1: Template(s) | Q1: LOC source | R1: Genome LOC (genome_cds.fa match) | S1: # pairs verified in genome | T1: Genome confidence | U1: NCBI protein name (genome_cds.fa) | V1: Name in ncbi_annotation_ultimate.csv | W1: XP accession(s) of genome LOC | X1: Check notes | Y1: Status | Z1: Tube / location | AA1: Order date | AB1: Vendor / order ID | AC1: Notes
A2: S001 | B2: Dragonaut9000 | C2: 18w | D2: 18 wheeler | E2: Bicyclus anynana | F2: LOC112047337 | I2: B1 | J2: AF546 | K2: =COUNTIF(Probe_Pairs!$B:$B,A2) -> 6 | L2: =COUNTIFS(Probe_Pairs!$B:$B,A2,Probe_Pairs!$S:$S,"Both halves") -> 6 | N2: 18w | O2: Master (Jul 2024); B1 file | P2: T050 | Q2: template header | R2: LOC112047337 | S2: =IF(R2="","",COUNTIFS(Probe_Pairs!$B:$B,A2,Probe_Pairs!$X:$X,"Both halves")) -> 6 | T2: =IF(R2="","",IF(S2*2>=K2,"High","Low")) -> High | U2: toll-like receptor 7 | V2: toll-like receptor 7 | W2: XP_023940195.2
A3: S002 | B3: Dragonaut9000 | C3: al-like | D3: aristaless-like | E3: Bicyclus anynana | F3: LOC112054675 | I3: B1 | J3: AF546 | K3: =COUNTIF(Probe_Pairs!$B:$B,A3) -> 4 | L3: =COUNTIFS(Probe_Pairs!$B:$B,A3,Probe_Pairs!$S:$S,"Both halves") -> 4 | N3: al_like | O3: Master (Jul 2024); B1 file | P3: T027 | Q3: template header | R3: LOC112054675 | S3: =IF(R3="","",COUNTIFS(Probe_Pairs!$B:$B,A3,Probe_Pairs!$X:$X,"Both halves")) -> 4 | T3: =IF(R3="","",IF(S3*2>=K3,"High","Low")) -> High | U3: homeobox protein aristaless isoform X2 | V3: homeobox protein aristaless-like | W3: XP_052747220.1; XP_052747221.1; XP_052747222.1
A4: S003 | B4: Dragonaut9000 | C4: APC | D4: adenomatous polyposis coli | E4: Bicyclus anynana | F4: LOC112047899 | G4: XM_024085194.1 | I4: B1 | J4: AF546 | K4: =COUNTIF(Probe_Pairs!$B:$B,A4) -> 3 | L4: =COUNTIFS(Probe_Pairs!$B:$B,A4,Probe_Pairs!$S:$S,"Both halves") -> 3 | M4: B2 | N4: APC | O4: Master (Jul 2024); B1 file | P4: T076 | Q4: genome_cds.fa match | R4: LOC112047899 | S4: =IF(R4="","",COUNTIFS(Probe_Pairs!$B:$B,A4,Probe_Pairs!$X:$X,"Both halves")) -> 2 | T4: =IF(R4="","",IF(S4*2>=K4,"High","Low")) -> High | U4: adenomatous polyposis coli protein isoform X4 | V4: adenomatous polyposis coli protein isoform X1 | W4: XP_052740051.1; XP_052740050.1; XP_052740043.1; XP_052740044.1; XP_052740045.1; XP_052740046.1; XP_052740047.1; XP_052740048.1; XP_052740049.1; XP_052740052.1
A5: S004 | B5: Dragonaut9000 | C5: araucan | D5: homeobox protein araucan isoform X2 | E5: Bicyclus anynana | F5: LOC112045732 | G5: XM_024082035.2 | I5: B1 | J5: AF546 | K5: =COUNTIF(Probe_Pairs!$B:$B,A5) -> 6 | L5: =COUNTIFS(Probe_Pairs!$B:$B,A5,Probe_Pairs!$S:$S,"Both halves") -> 6 | N5: araucan | O5: Master (Jul 2024); B1 file | P5: T037 | Q5: template header | R5: LOC112045732 | S5: =IF(R5="","",COUNTIFS(Probe_Pairs!$B:$B,A5,Probe_Pairs!$X:$X,"Both halves")) -> 6 | T5: =IF(R5="","",IF(S5*2>=K5,"High","Low")) -> High | U5: homeobox protein araucan isoform X2 | V5: homeobox protein araucan-like isoform X1 | W5: XP_023937802.1; XP_023937803.1
A6: S005 | B6: Dragonaut9000 | C6: aristaless | D6: aristaless | E6: Bicyclus anynana | F6: LOC112056678 | I6: B1 | J6: AF546 | K6: =COUNTIF(Probe_Pairs!$B:$B,A6) -> 10 | L6: =COUNTIFS(Probe_Pairs!$B:$B,A6,Probe_Pairs!$S:$S,"Both halves") -> 10 | N6: Arl | O6: Master (Jul 2024); B1 file | P6: T016 | Q6: genome_cds.fa match | R6: LOC112056678 | S6: =IF(R6="","",COUNTIFS(Probe_Pairs!$B:$B,A6,Probe_Pairs!$X:$X,"Both halves")) -> 6 | T6: =IF(R6="","",IF(S6*2>=K6,"High","Low")) -> High | U6: homeobox protein aristaless | V6: homeobox protein aristaless | W6: XP_023952906.1
A7: S006 | B7: Dragonaut9000 | C7: arm | D7: armadillo | E7: Bicyclus anynana | F7: LOC112048594 | I7: B1 | J7: AF546 | K7: =COUNTIF(Probe_Pairs!$B:$B,A7) -> 7 | L7: =COUNTIFS(Probe_Pairs!$B:$B,A7,Probe_Pairs!$S:$S,"Both halves") -> 7 | N7: arm | O7: Master (Jul 2024); B1 file | P7: T025 | Q7: genome_cds.fa match | R7: LOC112048594 | S7: =IF(R7="","",COUNTIFS(Probe_Pairs!$B:$B,A7,Probe_Pairs!$X:$X,"Both halves")) -> 5 | T7: =IF(R7="","",IF(S7*2>=K7,"High","Low")) -> High | U7: armadillo segment polarity protein isoform X4 | V7: armadillo segment polarity protein isoform X1 | W7: XP_052737433.1; XP_052737434.1; XP_052737432.1; XP_052737435.1
A8: S007 | B8: Dragonaut9000 | C8: bab1 | D8: protein bric-a-brac 1 isoform X2 | E8: Bicyclus anynana | F8: LOC112043806 | G8: XM_052890735.1 | I8: B1 | J8: AF546 | K8: =COUNTIF(Probe_Pairs!$B:$B,A8) -> 6 | L8: =COUNTIFS(Probe_Pairs!$B:$B,A8,Probe_Pairs!$S:$S,"Both halves") -> 6 | N8: bab1 | O8: Master (Jul 2024); B1 file | P8: T032 | Q8: template header | R8: LOC112043806 | S8: =IF(R8="","",COUNTIFS(Probe_Pairs!$B:$B,A8,Probe_Pairs!$X:$X,"Both halves")) -> 6 | T8: =IF(R8="","",IF(S8*2>=K8,"High","Low")) -> High | U8: protein bric-a-brac 1 isoform X1 | V8: protein bric-a-brac 1-like | W8: XP_052746695.1; XP_023935169.2; XP_052746694.1
A9: S008 | B9: Dragonaut9000 | C9: brinker | D9: brinker (atherin-like) | E9: Bicyclus anynana | F9: LOC112055415 | G9: XM_024095507.2 | I9: B1 | J9: AF546 | K9: =COUNTIF(Probe_Pairs!$B:$B,A9) -> 8 | L9: =COUNTIFS(Probe_Pairs!$B:$B,A9,Probe_Pairs!$S:$S,"Both halves") -> 8 | M9: B2 | N9: brinker | O9: Master (Jul 2024); B1 file | P9: T041 | Q9: template header | R9: LOC112055415 | S9: =IF(R9="","",COUNTIFS(Probe_Pairs!$B:$B,A9,Probe_Pairs!$X:$X,"Both halves")) -> 8 | T9: =IF(R9="","",IF(S9*2>=K9,"High","Low")) -> High | U9: atherin-like | V9: atherin-like(LOC112055415) | W9: XP_023951275.2
A10: S009 | B10: Dragonaut9000 | C10: ci | D10: cubitus interruptus | E10: Bicyclus anynana | F10: LOC112046560 | G10: XM_024083241.1 | I10: B1 | J10: AF546 | K10: =COUNTIF(Probe_Pairs!$B:$B,A10) -> 7 | L10: =COUNTIFS(Probe_Pairs!$B:$B,A10,Probe_Pairs!$S:$S,"Both halves") -> 7 | N10: ci | O10: Master (Jul 2024); B1 file | P10: T026 | Q10: genome_cds.fa match | R10: LOC112046560 | S10: =IF(R10="","",COUNTIFS(Probe_Pairs!$B:$B,A10,Probe_Pairs!$X:$X,"Both halves")) -> 6 | T10: =IF(R10="","",IF(S10*2>=K10,"High","Low")) -> High | U10: transcriptional activator cubitus interruptus | V10: transcriptional activator cubitus interruptus isoform X1 | W10: XP_023939008.1; XP_023939009.1
A11: S010 | B11: Dragonaut9000 | C11: cinnabar | D11: cinnabar (kynurenine 3-monooxygenase-like) | E11: Bicyclus anynana | F11: LOC112055866 | G11: XM_024096156.1 | I11: B1 | J11: AF546 | K11: =COUNTIF(Probe_Pairs!$B:$B,A11) -> 8 | L11: =COUNTIFS(Probe_Pairs!$B:$B,A11,Probe_Pairs!$S:$S,"Both halves") -> 8 | N11: cin | O11: Master (Jul 2024); B1 file | P11: T021 | Q11: template header | R11: LOC112055866 | S11: =IF(R11="","",COUNTIFS(Probe_Pairs!$B:$B,A11,Probe_Pairs!$X:$X,"Both halves")) -> 6 | T11: =IF(R11="","",IF(S11*2>=K11,"High","Low")) -> High | U11: kynurenine 3-monooxygenase | V11: kynurenine 3-monooxygenase-like | W11: XP_023951924.2
A12: S011 | B12: Dragonaut9000 | C12: CK1 | D12: casein kinase I | E12: Bicyclus anynana | F12: LOC112055421 | G12: XM_024095515.1 | I12: B1 | J12: AF546 | K12: =COUNTIF(Probe_Pairs!$B:$B,A12) -> 3 | L12: =COUNTIFS(Probe_Pairs!$B:$B,A12,Probe_Pairs!$S:$S,"Both halves") -> 3 | M12: B3 | N12: CK1 | O12: Master (Jul 2024); B1 file | P12: T081 | Q12: genome_cds.fa match | R12: LOC112055421 | S12: =IF(R12="","",COUNTIFS(Probe_Pairs!$B:$B,A12,Probe_Pairs!$X:$X,"Both halves")) -> 3 | T12: =IF(R12="","",IF(S12*2>=K12,"High","Low")) -> High | U12: casein kinase I isoform X4 | V12: casein kinase I isoform X1 | W12: XP_052742577.1; XP_052742578.1; XP_052742579.1; XP_052742580.1; XP_052742582.1; XP_052742583.1; XP_052742584.1; XP_052742585.1; XP_052742586.1; XP_052742588.1; XP_052742587.1; XP_052742590.1; XP_052742589.1
A13: S012 | B13: Dragonaut9000 | C13: delta | D13: neurogenic locus protein delta | E13: Bicyclus anynana | F13: LOC112046850 | I13: B1 | J13: AF546 | K13: =COUNTIF(Probe_Pairs!$B:$B,A13) -> 6 | L13: =COUNTIFS(Probe_Pairs!$B:$B,A13,Probe_Pairs!$S:$S,"Both halves") -> 6 | N13: delta | O13: Master (Jul 2024); B1 file | P13: T029 | Q13: template header | R13: LOC112046850 | S13: =IF(R13="","",COUNTIFS(Probe_Pairs!$B:$B,A13,Probe_Pairs!$X:$X,"Both halves")) -> 6 | T13: =IF(R13="","",IF(S13*2>=K13,"High","Low")) -> High | U13: neurogenic locus protein delta | V13: neurogenic locus protein delta-like(LOC112046850) | W13: XP_052744326.1
A14: S013 | B14: Dragonaut9000 | C14: dopr2 | D14: dopamine receptor 2-like | E14: Bicyclus anynana | F14: LOC112056723 | G14: XM_052888388.1 | I14: B1 | J14: AF546 | K14: =COUNTIF(Probe_Pairs!$B:$B,A14) -> 8 | L14: =COUNTIFS(Probe_Pairs!$B:$B,A14,Probe_Pairs!$S:$S,"Both halves") -> 8 | N14: dopr2 | O14: Master (Jul 2024) | P14: T154 | Q14: template header | R14: LOC112056723 | S14: =IF(R14="","",COUNTIFS(Probe_Pairs!$B:$B,A14,Probe_Pairs!$X:$X,"Both halves")) -> 8 | T14: =IF(R14="","",IF(S14*2>=K14,"High","Low")) -> High | U14: dopamine receptor 2-like | V14: dopamine receptor 2-like(LOC112056723) | W14: XP_052744348.1
A15: S014 | B15: Dragonaut9000 | C15: dpp | D15: decapentaplegic | E15: Bicyclus anynana | F15: LOC112044871 | I15: B1 | J15: AF546 | K15: =COUNTIF(Probe_Pairs!$B:$B,A15) -> 10 | L15: =COUNTIFS(Probe_Pairs!$B:$B,A15,Probe_Pairs!$S:$S,"Both halves") -> 10 | M15: B4 | N15: Dpp | O15: Master (Jul 2024); B1 file | P15: T005 | Q15: genome_cds.fa match | R15: LOC112044871 | S15: =IF(R15="","",COUNTIFS(Probe_Pairs!$B:$B,A15,Probe_Pairs!$X:$X,"Both halves")) -> 7 | T15: =IF(R15="","",IF(S15*2>=K15,"High","Low")) -> High | U15: protein decapentaplegic | V15: protein decapentaplegic | W15: XP_023936626.1; XP_052739615.1
A16: S015 | B16: Dragonaut9000 | C16: ds | D16: Protein Dachsous | E16: Bicyclus anynana | F16: LOC112058497 | I16: B1 | J16: AF546 | K16: =COUNTIF(Probe_Pairs!$B:$B,A16) -> 10 | L16: =COUNTIFS(Probe_Pairs!$B:$B,A16,Probe_Pairs!$S:$S,"Both halves") -> 10 | N16: ds | O16: ds_dsx_ets5 oPool | P16: T190 | Q16: template header | R16: LOC112058497 | S16: =IF(R16="","",COUNTIFS(Probe_Pairs!$B:$B,A16,Probe_Pairs!$X:$X,"Both halves")) -> 10 | T16: =IF(R16="","",IF(S16*2>=K16,"High","Low")) -> High | U16: protein dachsous | V16: protein dachsous | W16: XP_023955141.2; XP_052739607.1
A17: S016 | B17: Dragonaut9000 | C17: dscam2 | D17: cell adhesion molecule Dscam2-like | E17: Bicyclus anynana | F17: LOC112043786 | G17: XM_024079361.2 | I17: B1 | J17: AF546 | K17: =COUNTIF(Probe_Pairs!$B:$B,A17) -> 6 | L17: =COUNTIFS(Probe_Pairs!$B:$B,A17,Probe_Pairs!$S:$S,"Both halves") -> 6 | N17: dscam2 | O17: Master (Jul 2024); B1 file | P17: T042 | Q17: template header | R17: LOC112043786 | S17: =IF(R17="","",COUNTIFS(Probe_Pairs!$B:$B,A17,Probe_Pairs!$X:$X,"Both halves")) -> 6 | T17: =IF(R17="","",IF(S17*2>=K17,"High","Low")) -> High | U17: cell adhesion molecule Dscam2-like | V17: Down syndrome cell adhesion molecule-like protein Dscam2 | W17: XP_023935129.2
A18: S017 | B18: Dragonaut9000 | C18: e20m | D18: ecdysone 20-monooxygenase isoform X2 | E18: Bicyclus anynana | F18: LOC112056276 | G18: XM_052888368.1 | I18: B1 | J18: AF546 | K18: =COUNTIF(Probe_Pairs!$B:$B,A18) -> 6 | L18: =COUNTIFS(Probe_Pairs!$B:$B,A18,Probe_Pairs!$S:$S,"Both halves") -> 6 | N18: e20m | O18: Master (Jul 2024); B1 file | P18: T033 | Q18: template header | R18: LOC112056276 | S18: =IF(R18="","",COUNTIFS(Probe_Pairs!$B:$B,A18,Probe_Pairs!$X:$X,"Both halves")) -> 6 | T18: =IF(R18="","",IF(S18*2>=K18,"High","Low")) -> High | U18: ecdysone 20-monooxygenase isoform X2 | V18: ecdysone 20-monooxygenase isoform X1 | W18: XP_052744327.1; XP_052744328.1
A19: S018 | B19: Dragonaut9000 | C19: en | D19: engrailed | E19: Bicyclus anynana | F19: LOC112053007 | I19: B1 | J19: AF546 | K19: =COUNTIF(Probe_Pairs!$B:$B,A19) -> 9 | L19: =COUNTIFS(Probe_Pairs!$B:$B,A19,Probe_Pairs!$S:$S,"Both halves") -> 9 | M19: B3 | N19: en | O19: Master (Jul 2024); B1 file | P19: T009 | Q19: genome_cds.fa match | R19: LOC112053007 | S19: =IF(R19="","",COUNTIFS(Probe_Pairs!$B:$B,A19,Probe_Pairs!$X:$X,"Both halves")) -> 5 | T19: =IF(R19="","",IF(S19*2>=K19,"High","Low")) -> High | U19: segmentation polarity homeobox protein engrailed | V19: segmentation polarity homeobox protein engrailed-like | W19: XP_023948032.2
A20: S019 | B20: Dragonaut9000 | C20: ensl | D20: enhancer of split mbeta protein-like | E20: Bicyclus anynana | F20: LOC112051893 | G20: XM_024090728.2 | I20: B1 | J20: AF546 | K20: =COUNTIF(Probe_Pairs!$B:$B,A20) -> 6 | L20: =COUNTIFS(Probe_Pairs!$B:$B,A20,Probe_Pairs!$S:$S,"Both halves") -> 6 | N20: ensl | O20: Master (Jul 2024); B1 file | P20: T049 | Q20: template header | R20: LOC112051893 | S20: =IF(R20="","",COUNTIFS(Probe_Pairs!$B:$B,A20,Probe_Pairs!$X:$X,"Both halves")) -> 6 | T20: =IF(R20="","",IF(S20*2>=K20,"High","Low")) -> High | U20: enhancer of split mbeta protein-like | V20: enhancer of split mbeta protein-like | W20: XP_023946496.2
A21: S020 | B21: Dragonaut9000 | C21: eve | D21: even-skipped | E21: Bicyclus anynana | F21: LOC112051685 | I21: B1 | J21: AF546 | K21: =COUNTIF(Probe_Pairs!$B:$B,A21) -> 6 | L21: =COUNTIFS(Probe_Pairs!$B:$B,A21,Probe_Pairs!$S:$S,"Both halves") -> 6 | N21: eve | O21: Master (Jul 2024); B1 file | P21: T018 | Q21: genome_cds.fa match | R21: LOC112051685 | S21: =IF(R21="","",COUNTIFS(Probe_Pairs!$B:$B,A21,Probe_Pairs!$X:$X,"Both halves")) -> 3 | T21: =IF(R21="","",IF(S21*2>=K21,"High","Low")) -> High | U21: segmentation protein even-skipped-like isoform X2 | V21: segmentation protein even-skipped-like isoform X1 | W21: XP_023946223.1; XP_023946224.1
A22: S021 | B22: Dragonaut9000 | C22: franky | D22: uncharacterized protein LOC112044027 | E22: Bicyclus anynana | F22: LOC112044027 | G22: XM_024079746.2 | I22: B1 | J22: AF546 | K22: =COUNTIF(Probe_Pairs!$B:$B,A22) -> 6 | L22: =COUNTIFS(Probe_Pairs!$B:$B,A22,Probe_Pairs!$S:$S,"Both halves") -> 6 | N22: franky | O22: Master (Jul 2024); B1 file | P22: T045 | Q22: template header | R22: LOC112044027 | S22: =IF(R22="","",COUNTIFS(Probe_Pairs!$B:$B,A22,Probe_Pairs!$X:$X,"Both halves")) -> 6 | T22: =IF(R22="","",IF(S22*2>=K22,"High","Low")) -> High | U22: uncharacterized protein LOC112044027 | V22: cytochrome c oxidase assembly factor 6 homolog isoform X2 | W22: XP_023935514.2
A23: S022 | B23: Dragonaut9000 | C23: gasp1 | D23: growth arrest-specific protein 1 | E23: Bicyclus anynana | F23: LOC112057967 | G23: XM_024098582.2 | I23: B1 | J23: AF546 | K23: =COUNTIF(Probe_Pairs!$B:$B,A23) -> 6 | L23: =COUNTIFS(Probe_Pairs!$B:$B,A23,Probe_Pairs!$S:$S,"Both halves") -> 6 | N23: gasp1 | O23: Master (Jul 2024); B1 file | P23: T035 | Q23: template header | R23: LOC112057967 | S23: =IF(R23="","",COUNTIFS(Probe_Pairs!$B:$B,A23,Probe_Pairs!$X:$X,"Both halves")) -> 6 | T23: =IF(R23="","",IF(S23*2>=K23,"High","Low")) -> High | U23: growth arrest-specific protein 1 | V23: growth arrest-specific protein 1-like | W23: XP_023954350.2
A24: S023 | B24: Dragonaut9000 | C24: GFP | D24: GFP | E24: — (GFP transgene) | I24: B1 | J24: AF546 | K24: =COUNTIF(Probe_Pairs!$B:$B,A24) -> 8 | L24: =COUNTIFS(Probe_Pairs!$B:$B,A24,Probe_Pairs!$S:$S,"Both halves") -> 8 | N24: gfp | O24: Master (Jul 2024); B1 file | P24: T023 | S24: =IF(R24="","",COUNTIFS(Probe_Pairs!$B:$B,A24,Probe_Pairs!$X:$X,"Both halves")) | T24: =IF(R24="","",IF(S24*2>=K24,"High","Low")) | X24: 1 pair(s) flagged in Probe_Pairs
A25: S024 | B25: Dragonaut9000 | C25: groucho-like | D25: groucho-like | E25: Bicyclus anynana | F25: LOC112044658 | G25: XM_024080563.1 | I25: B1 | J25: AF546 | K25: =COUNTIF(Probe_Pairs!$B:$B,A25) -> 3 | L25: =COUNTIFS(Probe_Pairs!$B:$B,A25,Probe_Pairs!$S:$S,"Both halves") -> 3 | M25: B2 | N25: groucho-like | O25: Master (Jul 2024); B1 file | P25: T074 | Q25: genome_cds.fa match | R25: LOC112044658 | S25: =IF(R25="","",COUNTIFS(Probe_Pairs!$B:$B,A25,Probe_Pairs!$X:$X,"Both halves")) -> 3 | T25: =IF(R25="","",IF(S25*2>=K25,"High","Low")) -> High | U25: protein groucho | V25: protein groucho-like isoform X1 | W25: XP_052742340.1
A26: S025 | B26: Dragonaut9000 | C26: hsp67B1 | D26: heat shock protein 67B1-like | E26: Bicyclus anynana | F26: LOC112054669 | G26: XM_024094531.2 | I26: B1 | J26: AF546 | K26: =COUNTIF(Probe_Pairs!$B:$B,A26) -> 6 | L26: =COUNTIFS(Probe_Pairs!$B:$B,A26,Probe_Pairs!$S:$S,"Both halves") -> 6 | N26: hsp67B1 | O26: Master (Jul 2024); B1 file | P26: T036 | Q26: template header | R26: LOC112054669 | S26: =IF(R26="","",COUNTIFS(Probe_Pairs!$B:$B,A26,Probe_Pairs!$X:$X,"Both halves")) -> 6 | T26: =IF(R26="","",IF(S26*2>=K26,"High","Low")) -> High | U26: heat shock protein 67B1-like | V26: heat shock protein 67B1-like | W26: XP_023950299.2
A27: S026 | B27: Dragonaut9000 | C27: hth | D27: homothorax | E27: Bicyclus anynana | F27: LOC112054591 | I27: B1 | J27: AF546 | K27: =COUNTIF(Probe_Pairs!$B:$B,A27) -> 6 | L27: =COUNTIFS(Probe_Pairs!$B:$B,A27,Probe_Pairs!$S:$S,"Both halves") -> 5 | M27: B3 | N27: Htha, Hthb, Hthc, hth | O27: Master (Jul 2024); B1 file | P27: T019 | Q27: genome_cds.fa match | R27: LOC112054591 | S27: =IF(R27="","",COUNTIFS(Probe_Pairs!$B:$B,A27,Probe_Pairs!$X:$X,"Both halves")) -> 5 | T27: =IF(R27="","",IF(S27*2>=K27,"High","Low")) -> High | U27: homeobox protein homothorax isoform X4 | V27: homeobox protein homothorax isoform X1 | W27: XP_052744213.1; XP_052744214.1; XP_023950201.1; XP_052744215.1 | X27: 1 pair(s) flagged in Probe_Pairs
A28: S027 | B28: Dragonaut9000 | C28: inv | D28: invected | E28: Bicyclus anynana | F28: LOC112053006 | I28: B1 | J28: AF546 | K28: =COUNTIF(Probe_Pairs!$B:$B,A28) -> 10 | L28: =COUNTIFS(Probe_Pairs!$B:$B,A28,Probe_Pairs!$S:$S,"Both halves") -> 10 | N28: inv | O28: Master (Jul 2024); B1 file | P28: T011 | Q28: genome_cds.fa match | R28: LOC112053006 | S28: =IF(R28="","",COUNTIFS(Probe_Pairs!$B:$B,A28,Probe_Pairs!$X:$X,"Both halves")) -> 7 | T28: =IF(R28="","",IF(S28*2>=K28,"High","Low")) -> High | U28: homeobox protein invected-like isoform X2 | V28: homeobox protein invected-like isoform X1 | W28: XP_052742906.1; XP_052742907.1
A29: S028 | B29: Dragonaut9000 | C29: invected-like | D29: invected-like | E29: Bicyclus anynana | I29: B1 | J29: AF546 | K29: =COUNTIF(Probe_Pairs!$B:$B,A29) -> 3 | L29: =COUNTIFS(Probe_Pairs!$B:$B,A29,Probe_Pairs!$S:$S,"Both halves") -> 3 | N29: invlike | O29: Master (Jul 2024); B1 file | P29: T010 | S29: =IF(R29="","",COUNTIFS(Probe_Pairs!$B:$B,A29,Probe_Pairs!$X:$X,"Both halves")) | T29: =IF(R29="","",IF(S29*2>=K29,"High","Low"))
A30: S029 | B30: Dragonaut9000 | C30: kartic | D30: uncharacterized protein LOC112043273 isoform X2 | E30: Bicyclus anynana | F30: LOC112043273 | G30: XM_052891417.1 | I30: B1 | J30: AF546 | K30: =COUNTIF(Probe_Pairs!$B:$B,A30) -> 6 | L30: =COUNTIFS(Probe_Pairs!$B:$B,A30,Probe_Pairs!$S:$S,"Both halves") -> 6 | N30: kartic | O30: Master (Jul 2024); B1 file | P30: T044 | Q30: template header | R30: LOC112043273 | S30: =IF(R30="","",COUNTIFS(Probe_Pairs!$B:$B,A30,Probe_Pairs!$X:$X,"Both halves")) -> 6 | T30: =IF(R30="","",IF(S30*2>=K30,"High","Low")) -> High | U30: uncharacterized protein LOC112043273 isoform X2 | V30: uncharacterized LOC112043273(LOC112043273) | W30: XP_023934361.2; XP_052747377.1
A31: S030 | B31: Dragonaut9000 | C31: kfase | D31: kynurenine formamidase | E31: Bicyclus anynana | F31: LOC112055308 | G31: XM_024095364.1 | I31: B1 | J31: AF546 | K31: =COUNTIF(Probe_Pairs!$B:$B,A31) -> 8 | L31: =COUNTIFS(Probe_Pairs!$B:$B,A31,Probe_Pairs!$S:$S,"Both halves") -> 8 | N31: kfase | O31: Master (Jul 2024); B1 file | P31: T022 | Q31: template header | R31: LOC112055308 | S31: =IF(R31="","",COUNTIFS(Probe_Pairs!$B:$B,A31,Probe_Pairs!$X:$X,"Both halves")) -> 3 | T31: =IF(R31="","",IF(S31*2>=K31,"High","Low")) -> Low | U31: kynurenine formamidase isoform X2 | V31: kynurenine formamidase isoform X1 | W31: XP_023951131.2; XP_023951132.2; XP_023951133.2 | X31: Only 3/8 pairs match the genome LOC on both halves
A32: S031 | B32: Dragonaut9000 | C32: knirps | D32: knirps | E32: Bicyclus anynana | F32: LOC112043430 | I32: B1 | J32: AF546 | K32: =COUNTIF(Probe_Pairs!$B:$B,A32) -> 10 | L32: =COUNTIFS(Probe_Pairs!$B:$B,A32,Probe_Pairs!$S:$S,"Both halves") -> 10 | N32: Kni | O32: Master (Jul 2024); B1 file | P32: T017 | Q32: genome_cds.fa match | R32: LOC112043430 | S32: =IF(R32="","",COUNTIFS(Probe_Pairs!$B:$B,A32,Probe_Pairs!$X:$X,"Both halves")) -> 6 | T32: =IF(R32="","",IF(S32*2>=K32,"High","Low")) -> High | U32: knirps-related protein-like | V32: knirps-related protein-like | W32: XP_023934605.1 | X32: 1 pair(s) flagged in Probe_Pairs
A33: S032 | B33: Dragonaut9000 | C33: lachesin | D33: lachesin-like | E33: Bicyclus anynana | F33: LOC112042983 | G33: XM_024078217.2 | I33: B1 | J33: AF546 | K33: =COUNTIF(Probe_Pairs!$B:$B,A33) -> 6 | L33: =COUNTIFS(Probe_Pairs!$B:$B,A33,Probe_Pairs!$S:$S,"Both halves") -> 6 | N33: lachesin | O33: Master (Jul 2024); B1 file | P33: T043 | Q33: template header | R33: LOC112042983 | S33: =IF(R33="","",COUNTIFS(Probe_Pairs!$B:$B,A33,Probe_Pairs!$X:$X,"Both halves")) -> 6 | T33: =IF(R33="","",IF(S33*2>=K33,"High","Low")) -> High | U33: lachesin-like | V33: lachesin-like | W33: XP_023933985.1
A34: S033 | B34: Dragonaut9000 | C34: lethal2 | D34: protein lethal(2)essential for life | E34: Bicyclus anynana | F34: LOC112054673 | G34: XM_024094536.2 | I34: B1 | J34: AF546 | K34: =COUNTIF(Probe_Pairs!$B:$B,A34) -> 6 | L34: =COUNTIFS(Probe_Pairs!$B:$B,A34,Probe_Pairs!$S:$S,"Both halves") -> 6 | N34: lethal2 | O34: Master (Jul 2024); B1 file | P34: T039 | Q34: template header | R34: LOC112054673 | S34: =IF(R34="","",COUNTIFS(Probe_Pairs!$B:$B,A34,Probe_Pairs!$X:$X,"Both halves")) -> 6 | T34: =IF(R34="","",IF(S34*2>=K34,"High","Low")) -> High | U34: protein lethal(2)essential for life | V34: protein lethal(2)essential for life-like | W34: XP_023950304.1
A35: S034 | B35: Dragonaut9000 | C35: mad6 | D35: mothers against decapentaplegic homolog 6 | E35: Bicyclus anynana | F35: LOC112050707 | H35: Bany_10682-RB | I35: B1 | J35: AF546 | K35: =COUNTIF(Probe_Pairs!$B:$B,A35) -> 5 | L35: =COUNTIFS(Probe_Pairs!$B:$B,A35,Probe_Pairs!$S:$S,"Both halves") -> 5 | M35: B3 | N35: Mad | O35: Master (Jul 2024); B1 file | P35: T047 | Q35: genome_cds.fa match | R35: LOC112050707 | S35: =IF(R35="","",COUNTIFS(Probe_Pairs!$B:$B,A35,Probe_Pairs!$X:$X,"Both halves")) -> 5 | T35: =IF(R35="","",IF(S35*2>=K35,"High","Low")) -> High | U35: mothers against decapentaplegic homolog 6 | V35: mothers against decapentaplegic homolog 6 | W35: XP_023944813.2
A36: S035 | B36: Dragonaut9000 | C36: miR-2788-5p | E36: Bicyclus anynana | I36: B1 | J36: AF546 | K36: =COUNTIF(Probe_Pairs!$B:$B,A36) -> 1 | L36: =COUNTIFS(Probe_Pairs!$B:$B,A36,Probe_Pairs!$S:$S,"Both halves") -> 1 | N36: Mir | O36: Master (Jul 2024); B1 file | P36: T202 | S36: =IF(R36="","",COUNTIFS(Probe_Pairs!$B:$B,A36,Probe_Pairs!$X:$X,"Both halves")) | T36: =IF(R36="","",IF(S36*2>=K36,"High","Low")) | X36: 1 pair(s) flagged in Probe_Pairs
A37: S036 | B37: Dragonaut9000 | C37: mth2 | D37: G-protein coupled receptor Mth2 | E37: Bicyclus anynana | F37: LOC112055720 | G37: XR_008251439.1 | I37: B1 | J37: AF546 | K37: =COUNTIF(Probe_Pairs!$B:$B,A37) -> 6 | L37: =COUNTIFS(Probe_Pairs!$B:$B,A37,Probe_Pairs!$S:$S,"Both halves") -> 6 | N37: mth2 | O37: Master (Jul 2024); B1 file | P37: T040 | Q37: template header | R37: LOC112055720 | S37: =IF(R37="","",COUNTIFS(Probe_Pairs!$B:$B,A37,Probe_Pairs!$X:$X,"Both halves")) -> 6 | T37: =IF(R37="","",IF(S37*2>=K37,"High","Low")) -> High | U37: G-protein coupled receptor Mth2 | V37: G-protein coupled receptor Mth2-like isoform X1 | W37: XP_052741340.1
A38: S037 | B38: Dragonaut9000 | C38: net | D38: transcription factor ATOH8 | E38: Bicyclus anynana | F38: LOC112055221 | G38: XM_024095242.2 | I38: B1 | J38: AF546 | K38: =COUNTIF(Probe_Pairs!$B:$B,A38) -> 10 | L38: =COUNTIFS(Probe_Pairs!$B:$B,A38,Probe_Pairs!$S:$S,"Both halves") -> 10 | N38: net | O38: Master (Jul 2024) | P38: T163 | Q38: template header | R38: LOC112055221 | S38: =IF(R38="","",COUNTIFS(Probe_Pairs!$B:$B,A38,Probe_Pairs!$X:$X,"Both halves")) -> 10 | T38: =IF(R38="","",IF(S38*2>=K38,"High","Low")) -> High | U38: transcription factor ATOH8 | V38: protein atonal homolog 8 | W38: XP_023951010.2
A39: S038 | B39: Dragonaut9000 | C39: nhl-1 | D39: RING finger protein nhl-1 isoform X2 | E39: Bicyclus anynana | F39: LOC112045027 | G39: XM_052885655.1 | I39: B1 | J39: AF546 | K39: =COUNTIF(Probe_Pairs!$B:$B,A39) -> 6 | L39: =COUNTIFS(Probe_Pairs!$B:$B,A39,Probe_Pairs!$S:$S,"Both halves") -> 6 | N39: nhl-1 | O39: Master (Jul 2024); B1 file | P39: T046 | Q39: template header | R39: LOC112045027 | S39: =IF(R39="","",COUNTIFS(Probe_Pairs!$B:$B,A39,Probe_Pairs!$X:$X,"Both halves")) -> 6 | T39: =IF(R39="","",IF(S39*2>=K39,"High","Low")) -> High | U39: RING finger protein nhl-1 isoform X1 | V39: RING finger protein nhl-1 isoform X1 | W39: XP_052741615.1; XP_023936835.1; XP_023936836.1; XP_052741612.1; XP_052741613.1
A40: S039 | B40: Dragonaut9000 | C40: notch1 | D40: neurogenic locus Notch protein isoform X1 | E40: Bicyclus anynana | F40: LOC112052049 | I40: B1 | J40: AF546 | K40: =COUNTIF(Probe_Pairs!$B:$B,A40) -> 6 | L40: =COUNTIFS(Probe_Pairs!$B:$B,A40,Probe_Pairs!$S:$S,"Both halves") -> 6 | N40: notch1 | O40: Master (Jul 2024); B1 file | P40: T028 | Q40: template header | R40: LOC112052049 | S40: =IF(R40="","",COUNTIFS(Probe_Pairs!$B:$B,A40,Probe_Pairs!$X:$X,"Both halves")) -> 6 | T40: =IF(R40="","",IF(S40*2>=K40,"High","Low")) -> High | U40: neurogenic locus Notch protein isoform X2 | V40: neurogenic locus Notch protein isoform X1 | W40: XP_052737293.1; XP_052737294.1
A41: S040 | B41: Dragonaut9000 | C41: notch2 | D41: neurogenic locus notch homolog protein 1 isoform X3 | E41: Bicyclus anynana | F41: LOC112057117 | I41: B1 | J41: AF546 | K41: =COUNTIF(Probe_Pairs!$B:$B,A41) -> 6 | L41: =COUNTIFS(Probe_Pairs!$B:$B,A41,Probe_Pairs!$S:$S,"Both halves") -> 6 | N41: notch2 | O41: Master (Jul 2024); B1 file | P41: T030 | Q41: template header | R41: LOC112057117 | S41: =IF(R41="","",COUNTIFS(Probe_Pairs!$B:$B,A41,Probe_Pairs!$X:$X,"Both halves")) -> 6 | T41: =IF(R41="","",IF(S41*2>=K41,"High","Low")) -> High | U41: neurogenic locus notch homolog protein 1 isoform X2 | V41: neurogenic locus notch homolog protein 1 isoform X1 | W41: XP_052743982.1; XP_052743981.1; XP_023953379.1
A42: S041 | B42: Dragonaut9000 | C42: notch3 | D42: neurogenic locus notch homolog protein 1 | E42: Bicyclus anynana | F42: LOC112046872 | I42: B1 | J42: AF546 | K42: =COUNTIF(Probe_Pairs!$B:$B,A42) -> 6 | L42: =COUNTIFS(Probe_Pairs!$B:$B,A42,Probe_Pairs!$S:$S,"Both halves") -> 6 | N42: notch3 | O42: Master (Jul 2024); B1 file | P42: T031 | Q42: template header | R42: LOC112046872 | S42: =IF(R42="","",COUNTIFS(Probe_Pairs!$B:$B,A42,Probe_Pairs!$X:$X,"Both halves")) -> 6 | T42: =IF(R42="","",IF(S42*2>=K42,"High","Low")) -> High | U42: neurogenic locus notch homolog protein 1 | V42: delta and Notch-like epidermal growth factor-related receptor | W42: XP_052738910.1
A43: S042 | B43: Dragonaut9000 | C43: omb | D43: optomotor-blind | E43: Bicyclus anynana | F43: LOC112048640 | H43: BANY.1.2.t12446 | I43: B1 | J43: AF546 | K43: =COUNTIF(Probe_Pairs!$B:$B,A43) -> 10 | L43: =COUNTIFS(Probe_Pairs!$B:$B,A43,Probe_Pairs!$S:$S,"Both halves") -> 10 | M43: B3, B5 | N43: omb | O43: Master (Jul 2024); B1 file | P43: T012 | Q43: genome_cds.fa match | R43: LOC112048640 | S43: =IF(R43="","",COUNTIFS(Probe_Pairs!$B:$B,A43,Probe_Pairs!$X:$X,"Both halves")) -> 6 | T43: =IF(R43="","",IF(S43*2>=K43,"High","Low")) -> High | U43: optomotor-blind protein isoform X1 | V43: optomotor-blind protein isoform X1 | W43: XP_052738897.1; XP_023942031.1; XP_023942035.1; XP_023942029.1; XP_052738895.1; XP_052738894.1; XP_052738892.1; XP_052738893.1; XP_052738891.1
A44: S043 | B44: Dragonaut9000 | C44: pangolin | D44: pangolin (dTCF) | E44: Bicyclus anynana | F44: LOC112058326 | I44: B1 | J44: AF546 | K44: =COUNTIF(Probe_Pairs!$B:$B,A44) -> 23 | L44: =COUNTIFS(Probe_Pairs!$B:$B,A44,Probe_Pairs!$S:$S,"Both halves") -> 16 | M44: B2 | N44: pangolin, pang | O44: Master (Jul 2024); B1 file; pang_axin_naked oPool | P44: T065 | Q44: genome_cds.fa match | R44: LOC112058326 | S44: =IF(R44="","",COUNTIFS(Probe_Pairs!$B:$B,A44,Probe_Pairs!$X:$X,"Both halves")) -> 17 | T44: =IF(R44="","",IF(S44*2>=K44,"High","Low")) -> High | U44: protein pangolin, isoforms A/H/I/S isoform X1 | V44: protein pangolin(LOC112058326) | W44: XP_023954843.1; XP_023954838.1; XP_023954840.1; XP_023954837.1 | X44: 4 pair(s) flagged in Probe_Pairs
A45: S044 | B45: Dragonaut9000 | C45: pax1 | D45: PAX-interacting protein 1-like | E45: Bicyclus anynana | F45: LOC112046065 | I45: B1 | J45: AF546 | K45: =COUNTIF(Probe_Pairs!$B:$B,A45) -> 10 | L45: =COUNTIFS(Probe_Pairs!$B:$B,A45,Probe_Pairs!$S:$S,"Both halves") -> 10 | N45: pax | O45: pax1_apoD_ems oPool | P45: T193 | Q45: template header | R45: LOC112046065 | S45: =IF(R45="","",COUNTIFS(Probe_Pairs!$B:$B,A45,Probe_Pairs!$X:$X,"Both halves")) -> 10 | T45: =IF(R45="","",IF(S45*2>=K45,"High","Low")) -> High | U45: PAX-interacting protein 1 | V45: LOW QUALITY PROTEIN: PAX-interacting protein 1-like | W45: XP_052739023.1
A46: S045 | B46: Dragonaut9000 | C46: pcuticle | D46: pupal cuticle protein | E46: Bicyclus anynana | F46: LOC112055213 | G46: XM_024095234.2 | I46: B1 | J46: AF546 | K46: =COUNTIF(Probe_Pairs!$B:$B,A46) -> 6 | L46: =COUNTIFS(Probe_Pairs!$B:$B,A46,Probe_Pairs!$S:$S,"Both halves") -> 6 | N46: pcuticle | O46: Master (Jul 2024); B1 file | P46: T034 | Q46: template header | R46: LOC112055213 | S46: =IF(R46="","",COUNTIFS(Probe_Pairs!$B:$B,A46,Probe_Pairs!$X:$X,"Both halves")) -> 6 | T46: =IF(R46="","",IF(S46*2>=K46,"High","Low")) -> High | U46: pupal cuticle protein | V46: pupal cuticle protein-like | W46: XP_023951002.1
A47: S046 | B47: Dragonaut9000 | C47: rac | D47: RAC serine/threonine-protein kinase | E47: Bicyclus anynana | F47: LOC112051766 | I47: B1 | J47: AF546 | K47: =COUNTIF(Probe_Pairs!$B:$B,A47) -> 3 | L47: =COUNTIFS(Probe_Pairs!$B:$B,A47,Probe_Pairs!$S:$S,"Both halves") -> 3 | N47: rac | O47: Master (Jul 2024); B1 file | P47: T085 | Q47: template header | R47: LOC112051766 | S47: =IF(R47="","",COUNTIFS(Probe_Pairs!$B:$B,A47,Probe_Pairs!$X:$X,"Both halves")) -> 3 | T47: =IF(R47="","",IF(S47*2>=K47,"High","Low")) -> High | U47: RAC serine/threonine-protein kinase | V47: RAC serine/threonine-protein kinase | W47: XP_023946316.1; XP_052742261.1; XP_052742262.1
A48: S047 | B48: Dragonaut9000 | C48: rho2 (LOC112045926) | D48: rhomboid-related protein 2 isoform X6 | E48: Bicyclus anynana | F48: LOC112045926 | G48: XM_052883132.1 | I48: B1 | J48: AF546 | K48: =COUNTIF(Probe_Pairs!$B:$B,A48) -> 5 | L48: =COUNTIFS(Probe_Pairs!$B:$B,A48,Probe_Pairs!$S:$S,"Both halves") -> 5 | N48: rho2_26 | O48: Master (Jul 2024) | P48: T160 | Q48: template header | R48: LOC112045926 | S48: =IF(R48="","",COUNTIFS(Probe_Pairs!$B:$B,A48,Probe_Pairs!$X:$X,"Both halves")) -> 5 | T48: =IF(R48="","",IF(S48*2>=K48,"High","Low")) -> High | U48: rhomboid-related protein 2 isoform X5 | V48: rhomboid-related protein 2 isoform X1 | W48: XP_023938090.1; XP_023938089.1; XP_023938088.1; XP_023938085.1; XP_052739092.1; XP_052739091.1
A49: S048 | B49: Dragonaut9000 | C49: rho2 (LOC112052596) | D49: rhomboid-related protein 2 | E49: Bicyclus anynana | F49: LOC112052596 | G49: XM_052881588.1 | I49: B1 | J49: AF546 | K49: =COUNTIF(Probe_Pairs!$B:$B,A49) -> 5 | L49: =COUNTIFS(Probe_Pairs!$B:$B,A49,Probe_Pairs!$S:$S,"Both halves") -> 5 | N49: rho2_96 | O49: Master (Jul 2024) | P49: T159 | Q49: template header | R49: LOC112052596 | S49: =IF(R49="","",COUNTIFS(Probe_Pairs!$B:$B,A49,Probe_Pairs!$X:$X,"Both halves")) -> 5 | T49: =IF(R49="","",IF(S49*2>=K49,"High","Low")) -> High | U49: rhomboid-related protein 2 | V49: rhomboid-related protein 2-like | W49: XP_023947510.2; XP_052737548.1; XP_052737549.1
A50: S049 | B50: Dragonaut9000 | C50: rho3 | D50: rhomboid-related protein 3 isoform X2 | E50: Bicyclus anynana | F50: LOC112047794 | G50: XM_024085038.2 | I50: B1 | J50: AF546 | K50: =COUNTIF(Probe_Pairs!$B:$B,A50) -> 4 | L50: =COUNTIFS(Probe_Pairs!$B:$B,A50,Probe_Pairs!$S:$S,"Both halves") -> 4 | M50: B2, B3 | N50: rho3 | O50: Master (Jul 2024) | P50: T094 | Q50: template header | R50: LOC112047794 | S50: =IF(R50="","",COUNTIFS(Probe_Pairs!$B:$B,A50,Probe_Pairs!$X:$X,"Both halves")) -> 4 | T50: =IF(R50="","",IF(S50*2>=K50,"High","Low")) -> High | U50: rhomboid-related protein 3 isoform X2 | V50: rhomboid-related protein 3 isoform X1 | W50: XP_023940805.1; XP_023940806.1
A51: S050 | B51: Dragonaut9000 | C51: Ror | D51: tyrosine-protein kinase transmembrane receptor Ror | E51: Bicyclus anynana | F51: LOC112043907 | I51: B1 | J51: AF546 | K51: =COUNTIF(Probe_Pairs!$B:$B,A51) -> 3 | L51: =COUNTIFS(Probe_Pairs!$B:$B,A51,Probe_Pairs!$S:$S,"Both halves") -> 3 | N51: Ror, ror | O51: Master (Jul 2024); B1 file | P51: T083 | Q51: template header | R51: LOC112043907 | S51: =IF(R51="","",COUNTIFS(Probe_Pairs!$B:$B,A51,Probe_Pairs!$X:$X,"Both halves")) -> 3 | T51: =IF(R51="","",IF(S51*2>=K51,"High","Low")) -> High | U51: tyrosine-protein kinase transmembrane receptor Ror | V51: tyrosine-protein kinase transmembrane receptor Ror | W51: XP_023935339.2
A52: S051 | B52: Dragonaut9000 | C52: senseless | D52: senseless | E52: Bicyclus anynana | F52: LOC112050060 | I52: B1 | J52: AF546 | K52: =COUNTIF(Probe_Pairs!$B:$B,A52) -> 8 | L52: =COUNTIFS(Probe_Pairs!$B:$B,A52,Probe_Pairs!$S:$S,"Both halves") -> 8 | N52: Senseless | O52: Anupama_scale; Master (Jul 2024) | P52: T002 | Q52: genome_cds.fa match | R52: LOC112050060 | S52: =IF(R52="","",COUNTIFS(Probe_Pairs!$B:$B,A52,Probe_Pairs!$X:$X,"Both halves")) -> 3 | T52: =IF(R52="","",IF(S52*2>=K52,"High","Low")) -> Low | U52: fez family zinc finger protein erm | V52: zinc finger protein 271-like | W52: XP_023943959.2 | X52: Only 3/8 pairs match the genome LOC on both halves
A53: S052 | B53: Dragonaut9000 | C53: shaven | D53: shaven (partial mRNA) | E53: Bicyclus anynana | F53: LOC112056518 | I53: B1 | J53: AF546 | K53: =COUNTIF(Probe_Pairs!$B:$B,A53) -> 8 | L53: =COUNTIFS(Probe_Pairs!$B:$B,A53,Probe_Pairs!$S:$S,"Both halves") -> 8 | N53: shaven | O53: Anupama_scale; Master (Jul 2024) | P53: T001 | Q53: genome_cds.fa match | R53: LOC112056518 | S53: =IF(R53="","",COUNTIFS(Probe_Pairs!$B:$B,A53,Probe_Pairs!$X:$X,"Both halves")) -> 4 | T53: =IF(R53="","",IF(S53*2>=K53,"High","Low")) -> High | U53: paired box protein Pax-5 isoform X2 | V53: paired box protein Pax-5 isoform X1 | W53: XP_052745248.1; XP_052745249.1
A54: S053 | B54: Dragonaut9000 | C54: soni | D54: uncharacterized protein LOC112054415 | E54: Bicyclus anynana | F54: LOC112054415 | G54: XM_052886037.1 | I54: B1 | J54: AF546 | K54: =COUNTIF(Probe_Pairs!$B:$B,A54) -> 6 | L54: =COUNTIFS(Probe_Pairs!$B:$B,A54,Probe_Pairs!$S:$S,"Both halves") -> 6 | N54: soni | O54: Master (Jul 2024); B1 file | P54: T038 | Q54: template header | R54: LOC112054415 | S54: =IF(R54="","",COUNTIFS(Probe_Pairs!$B:$B,A54,Probe_Pairs!$X:$X,"Both halves")) -> 6 | T54: =IF(R54="","",IF(S54*2>=K54,"High","Low")) -> High | U54: uncharacterized protein LOC112054415 | V54: uncharacterized LOC112054415(LOC112054415) | W54: XP_052741997.1
A55: S054 | B55: Dragonaut9000 | C55: spalt | D55: spalt | E55: Bicyclus anynana | F55: LOC112046662 | I55: B1 | J55: AF546 | K55: =COUNTIF(Probe_Pairs!$B:$B,A55) -> 21 | L55: =COUNTIFS(Probe_Pairs!$B:$B,A55,Probe_Pairs!$S:$S,"Both halves") -> 21 | N55: spalt | O55: Master (Jul 2024); spalt_B1; B1 file | P55: T024 | Q55: genome_cds.fa match | R55: LOC112046662 | S55: =IF(R55="","",COUNTIFS(Probe_Pairs!$B:$B,A55,Probe_Pairs!$X:$X,"Both halves")) -> 12 | T55: =IF(R55="","",IF(S55*2>=K55,"High","Low")) -> High | U55: homeotic protein spalt-major isoform X3 | V55: homeotic protein spalt-major-like isoform X1 | W55: XP_052747207.1; XP_052747206.1; XP_023939141.1
A56: S055 | B56: Dragonaut9000 | C56: spitz | D56: protein spitz-like | E56: Bicyclus anynana | F56: LOC112044810 | G56: XM_024080777.2 | I56: B1 | J56: AF546 | K56: =COUNTIF(Probe_Pairs!$B:$B,A56) -> 6 | L56: =COUNTIFS(Probe_Pairs!$B:$B,A56,Probe_Pairs!$S:$S,"Both halves") -> 6 | N56: spitz | O56: Master (Jul 2024); B1 file | P56: T048 | Q56: template header | R56: LOC112044810 | S56: =IF(R56="","",COUNTIFS(Probe_Pairs!$B:$B,A56,Probe_Pairs!$X:$X,"Both halves")) -> 6 | T56: =IF(R56="","",IF(S56*2>=K56,"High","Low")) -> High | U56: protein spitz-like | V56: protein spitz-like | W56: XP_023936545.1
A57: S056 | B57: Dragonaut9000 | C57: synapsin | D57: synapsin | E57: Bicyclus anynana | F57: LOC112055844 | G57: XM_024096155.2 | I57: B1 | J57: AF546 | K57: =COUNTIF(Probe_Pairs!$B:$B,A57) -> 8 | L57: =COUNTIFS(Probe_Pairs!$B:$B,A57,Probe_Pairs!$S:$S,"Both halves") -> 8 | N57: synapsin | O57: Master (Jul 2024) | P57: T151 | Q57: template header | R57: LOC112055844 | S57: =IF(R57="","",COUNTIFS(Probe_Pairs!$B:$B,A57,Probe_Pairs!$X:$X,"Both halves")) -> 8 | T57: =IF(R57="","",IF(S57*2>=K57,"High","Low")) -> High | U57: synapsin | V57: synapsin | W57: XP_023951923.2
A58: S057 | B58: Dragonaut9000 | C58: tox3 | D58: TOX high mobility group box family member 3 | E58: Bicyclus anynana | F58: LOC112052747 | I58: B1 | J58: AF546 | K58: =COUNTIF(Probe_Pairs!$B:$B,A58) -> 20 | L58: =COUNTIFS(Probe_Pairs!$B:$B,A58,Probe_Pairs!$S:$S,"Both halves") -> 20 | N58: Gene1 tox3_tsu_mab21_Gene1_B1_P1_1, tox, Gene1 tox3_tsu_mab21_Gene1_B1_P1_2, Gene1 tox3_tsu_mab21_Gene1_B1_P1_3, Gene1 tox3_tsu_mab21_Gene1_B1_P1_4, Gene1 tox3_tsu_mab21_Gene1_B1_P1_5, Gene1 tox3_tsu_mab21_Gene1_B1_P1_6, Gene1 tox3_tsu_mab21_Gene1_B1_P1_7 | O58: tox3_tsu_mab21 probe list; tox3_tsu_mab21 oPool | P58: T199 | Q58: template header | R58: LOC112052747 | S58: =IF(R58="","",COUNTIFS(Probe_Pairs!$B:$B,A58,Probe_Pairs!$X:$X,"Both halves")) -> 20 | T58: =IF(R58="","",IF(S58*2>=K58,"High","Low")) -> High | U58: TOX high mobility group box family member 3 isoform X6 | V58: TOX high mobility group box family member 3-like isoform X1 | W58: XP_023947718.2; XP_023947745.2; XP_023947710.2; XP_052737621.1; XP_023947736.2; XP_023947728.2; XP_023947755.2
A59: S058 | B59: Dragonaut9000 | C59: trachealess | D59: protein trachealess isoform X2 | E59: Bicyclus anynana | F59: LOC112046576 | G59: XM_052888412.1 | I59: B1 | J59: AF546 | K59: =COUNTIF(Probe_Pairs!$B:$B,A59) -> 30 | L59: =COUNTIFS(Probe_Pairs!$B:$B,A59,Probe_Pairs!$S:$S,"Both halves") -> 30 | N59: trachealess | O59: Master (Jul 2024); trachealess sheet | P59: T162 | Q59: template header | R59: LOC112046576 | S59: =IF(R59="","",COUNTIFS(Probe_Pairs!$B:$B,A59,Probe_Pairs!$X:$X,"Both halves")) -> 30 | T59: =IF(R59="","",IF(S59*2>=K59,"High","Low")) -> High | U59: protein trachealess isoform X3 | V59: protein trachealess isoform X1 | W59: XP_052744372.1; XP_052744371.1; XP_023939041.1
A60: S059 | B60: Dragonaut9000 | C60: vermilion | D60: vermilion (tryptophan 2,3-dioxygenase) | E60: Bicyclus anynana | F60: LOC112056641 | H60: BANY.1.2.t24392 | I60: B1 | J60: AF546 | K60: =COUNTIF(Probe_Pairs!$B:$B,A60) -> 8 | L60: =COUNTIFS(Probe_Pairs!$B:$B,A60,Probe_Pairs!$S:$S,"Both halves") -> 8 | N60: vrm | O60: Master (Jul 2024); B1 file | P60: T020 | Q60: genome_cds.fa match | R60: LOC112056641 | S60: =IF(R60="","",COUNTIFS(Probe_Pairs!$B:$B,A60,Probe_Pairs!$X:$X,"Both halves")) -> 4 | T60: =IF(R60="","",IF(S60*2>=K60,"High","Low")) -> High | U60: tryptophan 2,3-dioxygenase | V60: tryptophan 2 | W60: XP_023952864.2
A61: S060 | B61: Dragonaut9000 | C61: washout | D61: washout | E61: Bicyclus anynana | F61: LOC112049539 | I61: B1 | J61: AF546 | K61: =COUNTIF(Probe_Pairs!$B:$B,A61) -> 6 | L61: =COUNTIFS(Probe_Pairs!$B:$B,A61,Probe_Pairs!$S:$S,"Both halves") -> 6 | N61: washout | O61: Master (Jul 2024); B1 file | P61: T051 | Q61: genome_cds.fa match | R61: LOC112049539 | S61: =IF(R61="","",COUNTIFS(Probe_Pairs!$B:$B,A61,Probe_Pairs!$X:$X,"Both halves")) -> 6 | T61: =IF(R61="","",IF(S61*2>=K61,"High","Low")) -> High | U61: WASH complex subunit 1 | V61: WASH complex subunit 1 | W61: XP_023943240.2; XP_023943241.2
A62: S061 | B62: Dragonaut9000 | C62: wg | D62: wingless | E62: Bicyclus anynana | F62: LOC112058530 | H62: BANY.1.2.t03754 | I62: B1 | J62: AF546 | K62: =COUNTIF(Probe_Pairs!$B:$B,A62) -> 6 | L62: =COUNTIFS(Probe_Pairs!$B:$B,A62,Probe_Pairs!$S:$S,"Both halves") -> 6 | N62: wg | O62: Master (Jul 2024); B1 file | P62: T006 | Q62: genome_cds.fa match | R62: LOC112058530 | S62: =IF(R62="","",COUNTIFS(Probe_Pairs!$B:$B,A62,Probe_Pairs!$X:$X,"Both halves")) -> 2 | T62: =IF(R62="","",IF(S62*2>=K62,"High","Low")) -> Low | U62: protein Wnt-1 | V62: protein Wnt-1 | W62: XP_023955185.1 | X62: Only 2/6 pairs match the genome LOC on both halves
A63: S062 | B63: Dragonaut9000 | C63: Wnt4 | D63: Wnt4 | E63: Bicyclus anynana | F63: LOC112058530 | H63: BANY.1.2.t03758 | I63: B1 | J63: AF546 | K63: =COUNTIF(Probe_Pairs!$B:$B,A63) -> 7 | L63: =COUNTIFS(Probe_Pairs!$B:$B,A63,Probe_Pairs!$S:$S,"Both halves") -> 7 | N63: Wnt | O63: Master (Jul 2024); B1 file | P63: T015 | Q63: genome_cds.fa match | R63: LOC112058530 | S63: =IF(R63="","",COUNTIFS(Probe_Pairs!$B:$B,A63,Probe_Pairs!$X:$X,"Both halves")) -> 5 | T63: =IF(R63="","",IF(S63*2>=K63,"High","Low")) -> High | U63: protein Wnt-1 | V63: protein Wnt-1 | W63: XP_023955185.1
A64: S063 | B64: Dragonaut9000 | C64: Wnt5 | D64: Wnt5 | E64: Bicyclus anynana | F64: LOC112045386 | H64: BANY.1.2.t00712 | I64: B1 | J64: AF546 | K64: =COUNTIF(Probe_Pairs!$B:$B,A64) -> 8 | L64: =COUNTIFS(Probe_Pairs!$B:$B,A64,Probe_Pairs!$S:$S,"Both halves") -> 8 | N64: Wnt | O64: Master (Jul 2024); B1 file | P64: T014 | Q64: genome_cds.fa match | R64: LOC112045386 | S64: =IF(R64="","",COUNTIFS(Probe_Pairs!$B:$B,A64,Probe_Pairs!$X:$X,"Both halves")) -> 2 | T64: =IF(R64="","",IF(S64*2>=K64,"High","Low")) -> Low | U64: protein Wnt-5b-like | V64: protein Wnt-5b-like | W64: XP_052740776.1; XP_023937318.2 | X64: Only 2/8 pairs match the genome LOC on both halves
A65: S064 | B65: Dragonaut9000 | C65: WntA | D65: WntA | E65: Bicyclus anynana | F65: LOC112045375 | I65: B1 | J65: AF546 | K65: =COUNTIF(Probe_Pairs!$B:$B,A65) -> 7 | L65: =COUNTIFS(Probe_Pairs!$B:$B,A65,Probe_Pairs!$S:$S,"Both halves") -> 7 | N65: wnta | O65: Master (Jul 2024); B1 file | P65: T013 | Q65: genome_cds.fa match | R65: LOC112045375 | S65: =IF(R65="","",COUNTIFS(Probe_Pairs!$B:$B,A65,Probe_Pairs!$X:$X,"Both halves")) -> 6 | T65: =IF(R65="","",IF(S65*2>=K65,"High","Low")) -> High | U65: protein wingless | V65: protein wingless-like isoform X2 | W65: XP_023937298.1
A66: S065 | B66: Dragonaut9000 | C66: wntless | D66: wntless | E66: Bicyclus anynana | F66: LOC112045307 | G66: XM_024081438.1 | I66: B1 | J66: AF546 | K66: =COUNTIF(Probe_Pairs!$B:$B,A66) -> 13 | L66: =COUNTIFS(Probe_Pairs!$B:$B,A66,Probe_Pairs!$S:$S,"Both halves") -> 13 | N66: wntless | O66: Master (Jul 2024); B1 file; wntless_shaggy_ck1 oPool | P66: T079 | Q66: genome_cds.fa match | R66: LOC112045307 | S66: =IF(R66="","",COUNTIFS(Probe_Pairs!$B:$B,A66,Probe_Pairs!$X:$X,"Both halves")) -> 13 | T66: =IF(R66="","",IF(S66*2>=K66,"High","Low")) -> High | U66: protein wntless | V66: protein wntless | W66: XP_023937206.1
A67: S066 | B67: Dragonaut9000 | C67: dsv | D67: segment polarity protein dishevelled homolog DVL-3 | E67: Bicyclus anynana | F67: LOC112056023 | I67: B1 | J67: AF546 | K67: =COUNTIF(Probe_Pairs!$B:$B,A67) -> 10 | L67: =COUNTIFS(Probe_Pairs!$B:$B,A67,Probe_Pairs!$S:$S,"Both halves") -> 0 | M67: B2 | N67: dsv | O67: dsv_groucho_arrow oPool | Q67: genome_cds.fa match | R67: LOC112056023 | S67: =IF(R67="","",COUNTIFS(Probe_Pairs!$B:$B,A67,Probe_Pairs!$X:$X,"Both halves")) -> 10 | T67: =IF(R67="","",IF(S67*2>=K67,"High","Low")) -> High | U67: segment polarity protein dishevelled homolog DVL-3 | V67: segment polarity protein dishevelled homolog DVL-3-like | W67: XP_023952113.2
A68: S067 | B68: Dragonaut9000 | C68: porcupine | D68: protein-serine O-palmitoleoyltransferase porcupine | E68: Bicyclus anynana | F68: LOC112055417 | I68: B1 | J68: AF546 | K68: =COUNTIF(Probe_Pairs!$B:$B,A68) -> 8 | L68: =COUNTIFS(Probe_Pairs!$B:$B,A68,Probe_Pairs!$S:$S,"Both halves") -> 0 | N68: porcupine | O68: porcupine_apc_pygopus oPool | Q68: genome_cds.fa match | R68: LOC112055417 | S68: =IF(R68="","",COUNTIFS(Probe_Pairs!$B:$B,A68,Probe_Pairs!$X:$X,"Both halves")) -> 8 | T68: =IF(R68="","",IF(S68*2>=K68,"High","Low")) -> High | U68: protein-serine O-palmitoleoyltransferase porcupine | V68: protein-serine O-palmitoleoyltransferase porcupine | W68: XP_023951278.1
A69: S068 | B69: Dragonaut9000 | C69: 3OHKT | D69: monocarboxylate transporter 7-like | E69: Bicyclus anynana | F69: LOC112045987 | G69: XM_024082418.2 | I69: B2 | J69: AF647 | K69: =COUNTIF(Probe_Pairs!$B:$B,A69) -> 6 | L69: =COUNTIFS(Probe_Pairs!$B:$B,A69,Probe_Pairs!$S:$S,"Both halves") -> 6 | N69: 3OHKT | O69: Master (Jul 2024); B2 file | P69: T110 | Q69: template header | R69: LOC112045987 | S69: =IF(R69="","",COUNTIFS(Probe_Pairs!$B:$B,A69,Probe_Pairs!$X:$X,"Both halves")) -> 6 | T69: =IF(R69="","",IF(S69*2>=K69,"High","Low")) -> High | U69: monocarboxylate transporter 7-like | V69: monocarboxylate transporter 7-like | W69: XP_023938186.1
A70: S069 | B70: Dragonaut9000 | C70: A8 | D70: testis-specific gene A8 protein-like | E70: Bicyclus anynana | F70: LOC128198825 | G70: XM_052885974.1 | I70: B2 | J70: AF647 | K70: =COUNTIF(Probe_Pairs!$B:$B,A70) -> 6 | L70: =COUNTIFS(Probe_Pairs!$B:$B,A70,Probe_Pairs!$S:$S,"Both halves") -> 6 | N70: A8 | O70: Master (Jul 2024); B2 file | P70: T096 | Q70: template header | R70: LOC128198825 | S70: =IF(R70="","",COUNTIFS(Probe_Pairs!$B:$B,A70,Probe_Pairs!$X:$X,"Both halves")) -> 6 | T70: =IF(R70="","",IF(S70*2>=K70,"High","Low")) -> High | U70: testis-specific gene A8 protein-like | V70: (not in CSV) | W70: XP_052741934.1
A71: S070 | B71: Dragonaut9000 | C71: abrupt | D71: protein abrupt isoform X2 | E71: Bicyclus anynana | F71: LOC112047886 | G71: XM_024085182.2 | I71: B2 | J71: AF647 | K71: =COUNTIF(Probe_Pairs!$B:$B,A71) -> 6 | L71: =COUNTIFS(Probe_Pairs!$B:$B,A71,Probe_Pairs!$S:$S,"Both halves") -> 6 | N71: abrupt | O71: Master (Jul 2024) | P71: T158 | Q71: template header | R71: LOC112047886 | S71: =IF(R71="","",COUNTIFS(Probe_Pairs!$B:$B,A71,Probe_Pairs!$X:$X,"Both halves")) -> 6 | T71: =IF(R71="","",IF(S71*2>=K71,"High","Low")) -> High | U71: protein abrupt isoform X2 | V71: protein abrupt-like isoform X1 | W71: XP_023940941.1; XP_023940950.1
A72: S071 | B72: Dragonaut9000 | C72: APC | D72: adenomatous polyposis coli | E72: Bicyclus anynana | F72: LOC112047899 | G72: XM_024085194.1 | I72: B2 | J72: AF647 | K72: =COUNTIF(Probe_Pairs!$B:$B,A72) -> 15 | L72: =COUNTIFS(Probe_Pairs!$B:$B,A72,Probe_Pairs!$S:$S,"Both halves") -> 4 | M72: B1 | N72: porcupine | O72: porcupine_apc_pygopus oPool | P72: T076 | Q72: genome_cds.fa match | R72: LOC112047899 | S72: =IF(R72="","",COUNTIFS(Probe_Pairs!$B:$B,A72,Probe_Pairs!$X:$X,"Both halves")) -> 15 | T72: =IF(R72="","",IF(S72*2>=K72,"High","Low")) -> High | U72: adenomatous polyposis coli protein isoform X4 | V72: adenomatous polyposis coli protein isoform X1 | W72: XP_052740051.1; XP_052740050.1; XP_052740043.1; XP_052740044.1; XP_052740045.1; XP_052740046.1; XP_052740047.1; XP_052740048.1; XP_052740049.1; XP_052740052.1 | X72: 6 pair(s) flagged in Probe_Pairs
A73: S072 | B73: Dragonaut9000 | C73: apoD | D73: Apolipoprotein D-like | E73: Bicyclus anynana | F73: LOC112055889 | I73: B2 | J73: AF647 | K73: =COUNTIF(Probe_Pairs!$B:$B,A73) -> 7 | L73: =COUNTIFS(Probe_Pairs!$B:$B,A73,Probe_Pairs!$S:$S,"Both halves") -> 7 | N73: pax | O73: pax1_apoD_ems oPool | P73: T194 | Q73: template header | R73: LOC112055889 | S73: =IF(R73="","",COUNTIFS(Probe_Pairs!$B:$B,A73,Probe_Pairs!$X:$X,"Both halves")) -> 7 | T73: =IF(R73="","",IF(S73*2>=K73,"High","Low")) -> High | U73: apolipoprotein D-like | V73: apolipoprotein D-like | W73: XP_052738840.1
A74: S073 | B74: Dragonaut9000 | C74: arrow (XM_024081842) | D74: arrow (LDL receptor adapter protein 1-A-like) | E74: Bicyclus anynana | F74: LOC112045588 | G74: XM_024081842.1 | I74: B2 | J74: AF647 | K74: =COUNTIF(Probe_Pairs!$B:$B,A74) -> 3 | L74: =COUNTIFS(Probe_Pairs!$B:$B,A74,Probe_Pairs!$S:$S,"Both halves") -> 3 | N74: arrow | O74: Master (Jul 2024); B2 file | P74: T075 | Q74: genome_cds.fa match | R74: LOC112045588 | S74: =IF(R74="","",COUNTIFS(Probe_Pairs!$B:$B,A74,Probe_Pairs!$X:$X,"Both halves")) -> 1 | T74: =IF(R74="","",IF(S74*2>=K74,"High","Low")) -> Low | U74: low density lipoprotein receptor adapter protein 1-like | V74: low density lipoprotein receptor adapter protein 1-A-like | W74: XP_052743342.1 | X74: Only 1/3 pairs match the genome LOC on both halves
A75: S074 | B75: Dragonaut9000 | C75: arylphorin alpha | D75: arylphorin subunit alpha-like isoform X2 | E75: Bicyclus anynana | F75: LOC112045125 | G75: XM_052887386.1 | I75: B2 | J75: AF647 | K75: =COUNTIF(Probe_Pairs!$B:$B,A75) -> 6 | L75: =COUNTIFS(Probe_Pairs!$B:$B,A75,Probe_Pairs!$S:$S,"Both halves") -> 6 | N75: arylphorin_alpha | O75: Master (Jul 2024); B2 file | P75: T100 | Q75: template header | R75: LOC112045125 | S75: =IF(R75="","",COUNTIFS(Probe_Pairs!$B:$B,A75,Probe_Pairs!$X:$X,"Both halves")) -> 6 | T75: =IF(R75="","",IF(S75*2>=K75,"High","Low")) -> High | U75: arylphorin subunit alpha-like isoform X2 | V75: hexamerin-like | W75: XP_052743345.1; XP_052743346.1
A76: S075 | B76: Dragonaut9000 | C76: axin | D76: axin | E76: Bicyclus anynana | F76: LOC112050518 | G76: XM_024088800.1 | I76: B2 | J76: AF647 | K76: =COUNTIF(Probe_Pairs!$B:$B,A76) -> 22 | L76: =COUNTIFS(Probe_Pairs!$B:$B,A76,Probe_Pairs!$S:$S,"Both halves") -> 17 | N76: axin, pang | O76: Master (Jul 2024); B2 file; pang_axin_naked oPool | P76: T073 | Q76: genome_cds.fa match | R76: LOC112050518 | S76: =IF(R76="","",COUNTIFS(Probe_Pairs!$B:$B,A76,Probe_Pairs!$X:$X,"Both halves")) -> 17 | T76: =IF(R76="","",IF(S76*2>=K76,"High","Low")) -> High | U76: axin isoform X2 | V76: axin | W76: XP_052740064.1; XP_052740065.1 | X76: 4 pair(s) flagged in Probe_Pairs
A77: S076 | B77: Dragonaut9000 | C77: barh1 | D77: homeobox protein BarH-like 1b isoform X2 | E77: Bicyclus anynana | F77: LOC112053314 | G77: XM_052889016.1 | I77: B2 | J77: AF647 | K77: =COUNTIF(Probe_Pairs!$B:$B,A77) -> 6 | L77: =COUNTIFS(Probe_Pairs!$B:$B,A77,Probe_Pairs!$S:$S,"Both halves") -> 6 | N77: barh1 | O77: Master (Jul 2024); B2 file | P77: T089 | Q77: template header | R77: LOC112053314 | S77: =IF(R77="","",COUNTIFS(Probe_Pairs!$B:$B,A77,Probe_Pairs!$X:$X,"Both halves")) -> 6 | T77: =IF(R77="","",IF(S77*2>=K77,"High","Low")) -> High | U77: homeobox protein BarH-like 1b isoform X1 | V77: homeobox protein BarH-like 1b | W77: XP_052744976.1; XP_023948474.1
A78: S077 | B78: Dragonaut9000 | C78: blistered | D78: serum response factor homolog isoform X2 | E78: Bicyclus anynana | F78: LOC112050897 | G78: XM_052885041.1 | I78: B2 | J78: AF647 | K78: =COUNTIF(Probe_Pairs!$B:$B,A78) -> 6 | L78: =COUNTIFS(Probe_Pairs!$B:$B,A78,Probe_Pairs!$S:$S,"Both halves") -> 6 | N78: bls | O78: Master (Jul 2024) | P78: T157 | Q78: template header | R78: LOC112050897 | S78: =IF(R78="","",COUNTIFS(Probe_Pairs!$B:$B,A78,Probe_Pairs!$X:$X,"Both halves")) -> 6 | T78: =IF(R78="","",IF(S78*2>=K78,"High","Low")) -> High | U78: serum response factor homolog isoform X1 | V78: uncharacterized LOC112050897(LOC112050897) | W78: XP_052741001.1; XP_052741000.1
A79: S078 | B79: Dragonaut9000 | C79: brinker | D79: brinker (atherin-like) | E79: Bicyclus anynana | F79: LOC112055415 | G79: XM_024095507.2 | I79: B2 | J79: AF647 | K79: =COUNTIF(Probe_Pairs!$B:$B,A79) -> 8 | L79: =COUNTIFS(Probe_Pairs!$B:$B,A79,Probe_Pairs!$S:$S,"Both halves") -> 8 | M79: B1 | N79: Brinker | O79: Master (Jul 2024); B2 file | P79: T041, T053 | Q79: template header | R79: LOC112055415 | S79: =IF(R79="","",COUNTIFS(Probe_Pairs!$B:$B,A79,Probe_Pairs!$X:$X,"Both halves")) -> 3 | T79: =IF(R79="","",IF(S79*2>=K79,"High","Low")) -> Low | U79: atherin-like | V79: atherin-like(LOC112055415) | W79: XP_023951275.2 | X79: Only 3/8 pairs match the genome LOC on both halves
A80: S079 | B80: Dragonaut9000 | C80: chopper | D80: uncharacterized protein LOC112058231 | E80: Bicyclus anynana | F80: LOC112058231 | G80: XM_024098938.2 | I80: B2 | J80: AF647 | K80: =COUNTIF(Probe_Pairs!$B:$B,A80) -> 6 | L80: =COUNTIFS(Probe_Pairs!$B:$B,A80,Probe_Pairs!$S:$S,"Both halves") -> 6 | N80: chopper | O80: Master (Jul 2024); B2 file | P80: T101 | Q80: template header | R80: LOC112058231 | S80: =IF(R80="","",COUNTIFS(Probe_Pairs!$B:$B,A80,Probe_Pairs!$X:$X,"Both halves")) -> 6 | T80: =IF(R80="","",IF(S80*2>=K80,"High","Low")) -> High | U80: uncharacterized protein LOC112058231 | V80: uncharacterized LOC112058231(LOC112058231) | W80: XP_023954706.2
A81: S080 | B81: Dragonaut9000 | C81: Dll | D81: Distal-less | E81: Bicyclus anynana | F81: LOC112055223 | I81: B2 | J81: AF647 | K81: =COUNTIF(Probe_Pairs!$B:$B,A81) -> 6 | L81: =COUNTIFS(Probe_Pairs!$B:$B,A81,Probe_Pairs!$S:$S,"Both halves") -> 6 | N81: Dll | O81: Master (Jul 2024); B2 file | P81: T059 | Q81: genome_cds.fa match | R81: LOC112055223 | S81: =IF(R81="","",COUNTIFS(Probe_Pairs!$B:$B,A81,Probe_Pairs!$X:$X,"Both halves")) -> 3 | T81: =IF(R81="","",IF(S81*2>=K81,"High","Low")) -> High | U81: homeotic protein distal-less isoform X1 | V81: homeotic protein distal-less | W81: XP_052743134.1; XP_052743133.1; XP_052743132.1
A82: S081 | B82: Dragonaut9000 | C82: domeless | D82: domeless | E82: Bicyclus anynana | F82: LOC112049538 | I82: B2 | J82: AF647 | K82: =COUNTIF(Probe_Pairs!$B:$B,A82) -> 6 | L82: =COUNTIFS(Probe_Pairs!$B:$B,A82,Probe_Pairs!$S:$S,"Both halves") -> 6 | N82: domeless | O82: Master (Jul 2024); B2 file | P82: T109 | Q82: genome_cds.fa match | R82: LOC112049538 | S82: =IF(R82="","",COUNTIFS(Probe_Pairs!$B:$B,A82,Probe_Pairs!$X:$X,"Both halves")) -> 6 | T82: =IF(R82="","",IF(S82*2>=K82,"High","Low")) -> High | U82: cytokine receptor | V82: cytokine receptor-like | W82: XP_023943239.2
A83: S082 | B83: Dragonaut9000 | C83: dragonaut/blaze | D83: uncharacterized protein LOC112058341 | E83: Bicyclus anynana | F83: LOC112058341 | G83: XM_024099101.2 | I83: B2 | J83: AF647 | K83: =COUNTIF(Probe_Pairs!$B:$B,A83) -> 6 | L83: =COUNTIFS(Probe_Pairs!$B:$B,A83,Probe_Pairs!$S:$S,"Both halves") -> 6 | M83: B3 | N83: dragonaut | O83: Master (Jul 2024); B2 file | P83: T103 | Q83: template header | R83: LOC112058341 | S83: =IF(R83="","",COUNTIFS(Probe_Pairs!$B:$B,A83,Probe_Pairs!$X:$X,"Both halves")) -> 6 | T83: =IF(R83="","",IF(S83*2>=K83,"High","Low")) -> High | U83: uncharacterized protein LOC112058341 | V83: uncharacterized LOC112058341(LOC112058341) | W83: XP_023954869.1
A84: S083 | B84: Dragonaut9000 | C84: dsv | D84: dishevelled | E84: Bicyclus anynana | F84: LOC112056023 | H84: BANY.1.2.t25552 | I84: B2 | J84: AF647 | K84: =COUNTIF(Probe_Pairs!$B:$B,A84) -> 5 | L84: =COUNTIFS(Probe_Pairs!$B:$B,A84,Probe_Pairs!$S:$S,"Both halves") -> 5 | M84: B1 | N84: dsv | O84: Master (Jul 2024); B2 file | P84: T066 | Q84: genome_cds.fa match | R84: LOC112056023 | S84: =IF(R84="","",COUNTIFS(Probe_Pairs!$B:$B,A84,Probe_Pairs!$X:$X,"Both halves")) -> 2 | T84: =IF(R84="","",IF(S84*2>=K84,"High","Low")) -> Low | U84: segment polarity protein dishevelled homolog DVL-3 | V84: segment polarity protein dishevelled homolog DVL-3-like | W84: XP_023952113.2 | X84: Only 2/5 pairs match the genome LOC on both halves
A85: S084 | B85: Dragonaut9000 | C85: dsx | D85: doublesex- and mab-3-related transcription factor 1 | E85: Bicyclus anynana | F85: LOC112058347 | I85: B2 | J85: AF647 | K85: =COUNTIF(Probe_Pairs!$B:$B,A85) -> 9 | L85: =COUNTIFS(Probe_Pairs!$B:$B,A85,Probe_Pairs!$S:$S,"Both halves") -> 9 | N85: ds | O85: ds_dsx_ets5 oPool | P85: T191 | Q85: template header | R85: LOC112058347 | S85: =IF(R85="","",COUNTIFS(Probe_Pairs!$B:$B,A85,Probe_Pairs!$X:$X,"Both halves")) -> 9 | T85: =IF(R85="","",IF(S85*2>=K85,"High","Low")) -> High | U85: protein doublesex isoform X2 | V85: doublesex- and mab-3-related transcription factor 1 isoform X1 | W85: XP_023954880.2; XP_052744175.1; XP_023954881.2
A86: S085 | B86: Dragonaut9000 | C86: EcR | D86: ecdysone receptor isoform X3 | E86: Bicyclus anynana | F86: LOC112043737 | G86: XM_052881711.1 | I86: B2 | J86: AF647 | K86: =COUNTIF(Probe_Pairs!$B:$B,A86) -> 6 | L86: =COUNTIFS(Probe_Pairs!$B:$B,A86,Probe_Pairs!$S:$S,"Both halves") -> 6 | N86: ecr | O86: Master (Jul 2024); B2 file | P86: T091 | Q86: template header | R86: LOC112043737 | S86: =IF(R86="","",COUNTIFS(Probe_Pairs!$B:$B,A86,Probe_Pairs!$X:$X,"Both halves")) -> 6 | T86: =IF(R86="","",IF(S86*2>=K86,"High","Low")) -> High | U86: ecdysone receptor isoform X1 | V86: y | W86: XP_052737671.1; XP_052737670.1; XP_052737669.1
A87: S086 | B87: Dragonaut9000 | C87: egfr | D87: epidermal growth factor receptor isoform X1 | E87: Bicyclus anynana | F87: LOC112045731 | G87: XM_024082033.2 | I87: B2 | J87: AF647 | K87: =COUNTIF(Probe_Pairs!$B:$B,A87) -> 6 | L87: =COUNTIFS(Probe_Pairs!$B:$B,A87,Probe_Pairs!$S:$S,"Both halves") -> 6 | N87: egfr | O87: Master (Jul 2024); B2 file | P87: T106 | Q87: template header | R87: LOC112045731 | S87: =IF(R87="","",COUNTIFS(Probe_Pairs!$B:$B,A87,Probe_Pairs!$X:$X,"Both halves")) -> 6 | T87: =IF(R87="","",IF(S87*2>=K87,"High","Low")) -> High | U87: epidermal growth factor receptor isoform X1 | V87: epidermal growth factor receptor | W87: XP_052746802.1; XP_023937801.1
A88: S087 | B88: Dragonaut9000 | C88: emc | D88: protein extra-macrochaetae | E88: Bicyclus anynana | F88: LOC112044717 | G88: XM_024080655.2 | I88: B2 | J88: AF647 | K88: =COUNTIF(Probe_Pairs!$B:$B,A88) -> 6 | L88: =COUNTIFS(Probe_Pairs!$B:$B,A88,Probe_Pairs!$S:$S,"Both halves") -> 6 | N88: emc | O88: Master (Jul 2024); B2 file | P88: T107 | Q88: template header | R88: LOC112044717 | S88: =IF(R88="","",COUNTIFS(Probe_Pairs!$B:$B,A88,Probe_Pairs!$X:$X,"Both halves")) -> 6 | T88: =IF(R88="","",IF(S88*2>=K88,"High","Low")) -> High | U88: protein extra-macrochaetae | V88: protein extra-macrochaetae | W88: XP_023936423.1
A89: S088 | B89: Dragonaut9000 | C89: eyg | D89: eyegone | E89: Bicyclus anynana | F89: LOC112055119 | I89: B2 | J89: AF647 | K89: =COUNTIF(Probe_Pairs!$B:$B,A89) -> 6 | L89: =COUNTIFS(Probe_Pairs!$B:$B,A89,Probe_Pairs!$S:$S,"Both halves") -> 6 | N89: eyg | O89: Master (Jul 2024); B2 file | P89: T090 | Q89: template header | R89: LOC112055116 | S89: =IF(R89="","",COUNTIFS(Probe_Pairs!$B:$B,A89,Probe_Pairs!$X:$X,"Both halves")) -> 6 | T89: =IF(R89="","",IF(S89*2>=K89,"High","Low")) -> High | U89: paired box protein Pax-6-like isoform X1 | V89: paired box protein Pax-2-like | W89: XP_052738055.1; XP_052738053.1 | X89: Recorded LOC differs from the genome match
A90: S089 | B90: Dragonaut9000 | C90: GOR22 | D90: GOR22 | E90: Bicyclus anynana | H90: Bany_15856 | I90: B2 | J90: AF647 | K90: =COUNTIF(Probe_Pairs!$B:$B,A90) -> 8 | L90: =COUNTIFS(Probe_Pairs!$B:$B,A90,Probe_Pairs!$S:$S,"Both halves") -> 8 | N90: gor22 | O90: Master (Jul 2024) | P90: T155 | S90: =IF(R90="","",COUNTIFS(Probe_Pairs!$B:$B,A90,Probe_Pairs!$X:$X,"Both halves")) | T90: =IF(R90="","",IF(S90*2>=K90,"High","Low"))
A91: S090 | B91: Dragonaut9000 | C91: groucho-like | D91: groucho-like | E91: Bicyclus anynana | F91: LOC112044658 | G91: XM_024080563.1 | I91: B2 | J91: AF647 | K91: =COUNTIF(Probe_Pairs!$B:$B,A91) -> 10 | L91: =COUNTIFS(Probe_Pairs!$B:$B,A91,Probe_Pairs!$S:$S,"Both halves") -> 4 | M91: B1 | N91: dsv | O91: dsv_groucho_arrow oPool | P91: T074 | Q91: genome_cds.fa match | R91: LOC112044658 | S91: =IF(R91="","",COUNTIFS(Probe_Pairs!$B:$B,A91,Probe_Pairs!$X:$X,"Both halves")) -> 10 | T91: =IF(R91="","",IF(S91*2>=K91,"High","Low")) -> High | U91: protein groucho | V91: protein groucho-like isoform X1 | W91: XP_052742340.1 | X91: 4 pair(s) flagged in Probe_Pairs
A92: S091 | B92: Dragonaut9000 | C92: GSK3beta | D92: glycogen synthase kinase-3 beta | E92: Bicyclus anynana | F92: LOC112053924 | G92: XM_024093538.1 | I92: B2 | J92: AF647 | K92: =COUNTIF(Probe_Pairs!$B:$B,A92) -> 13 | L92: =COUNTIFS(Probe_Pairs!$B:$B,A92,Probe_Pairs!$S:$S,"Both halves") -> 11 | N92: GSK3beta, wntless | O92: Master (Jul 2024); B2 file; wntless_shaggy_ck1 oPool | P92: T080 | Q92: genome_cds.fa match | R92: LOC112053924 | S92: =IF(R92="","",COUNTIFS(Probe_Pairs!$B:$B,A92,Probe_Pairs!$X:$X,"Both halves")) -> 12 | T92: =IF(R92="","",IF(S92*2>=K92,"High","Low")) -> High | U92: glycogen synthase kinase-3 beta isoform X3 | V92: glycogen synthase kinase-3 beta isoform X1 | W92: XP_023949311.1; XP_023949315.1; XP_023949312.1; XP_023949306.2; XP_023949308.2; XP_023949309.2 | X92: 1 pair(s) flagged in Probe_Pairs
A93: S092 | B93: Dragonaut9000 | C93: h | D93: hairy | E93: Bicyclus anynana | F93: LOC112043553 | I93: B2 | J93: AF647 | K93: =COUNTIF(Probe_Pairs!$B:$B,A93) -> 6 | L93: =COUNTIFS(Probe_Pairs!$B:$B,A93,Probe_Pairs!$S:$S,"Both halves") -> 6 | N93: h | O93: Master (Jul 2024); B2 file | P93: T108 | Q93: template header | R93: LOC112043553 | S93: =IF(R93="","",COUNTIFS(Probe_Pairs!$B:$B,A93,Probe_Pairs!$X:$X,"Both halves")) -> 3 | T93: =IF(R93="","",IF(S93*2>=K93,"High","Low")) -> High | U93: protein hairy | V93: protein hairy | W93: XP_023934792.2
A94: S093 | B94: Dragonaut9000 | C94: hh | D94: hedgehog | E94: Bicyclus anynana | F94: LOC112042874 | I94: B2 | J94: AF647 | K94: =COUNTIF(Probe_Pairs!$B:$B,A94) -> 6 | L94: =COUNTIFS(Probe_Pairs!$B:$B,A94,Probe_Pairs!$S:$S,"Both halves") -> 6 | M94: B3, B4 | N94: hh | O94: Master (Jul 2024); B2 file | P94: T071 | Q94: genome_cds.fa match | R94: LOC112042874 | S94: =IF(R94="","",COUNTIFS(Probe_Pairs!$B:$B,A94,Probe_Pairs!$X:$X,"Both halves")) -> 6 | T94: =IF(R94="","",IF(S94*2>=K94,"High","Low")) -> High | U94: tiggy-winkle hedgehog protein | V94: tiggy-winkle hedgehog protein | W94: XP_023933828.2
A95: S094 | B95: Dragonaut9000 | C95: HR38 | D95: HR38 (partial mRNA) | E95: Bicyclus anynana | F95: LOC112044883 | I95: B2 | J95: AF647 | K95: =COUNTIF(Probe_Pairs!$B:$B,A95) -> 8 | L95: =COUNTIFS(Probe_Pairs!$B:$B,A95,Probe_Pairs!$S:$S,"Both halves") -> 8 | N95: HR38 | O95: Anupama_scale; Master (Jul 2024) | P95: T003 | Q95: genome_cds.fa match | R95: LOC112044883 | S95: =IF(R95="","",COUNTIFS(Probe_Pairs!$B:$B,A95,Probe_Pairs!$X:$X,"Both halves")) -> 5 | T95: =IF(R95="","",IF(S95*2>=K95,"High","Low")) -> High | U95: probable nuclear hormone receptor HR38 | V95: probable nuclear hormone receptor HR38 isoform X1 | W95: XP_023936644.1
A96: S095 | B96: Dragonaut9000 | C96: ichiro | D96: uncharacterized protein LOC128199312 | E96: Bicyclus anynana | F96: LOC128199312 | G96: XM_052888295.1 | I96: B2 | J96: AF647 | K96: =COUNTIF(Probe_Pairs!$B:$B,A96) -> 6 | L96: =COUNTIFS(Probe_Pairs!$B:$B,A96,Probe_Pairs!$S:$S,"Both halves") -> 6 | N96: ichiro | O96: Master (Jul 2024); B2 file | P96: T099 | Q96: template header | R96: LOC128199312 | S96: =IF(R96="","",COUNTIFS(Probe_Pairs!$B:$B,A96,Probe_Pairs!$X:$X,"Both halves")) -> 6 | T96: =IF(R96="","",IF(S96*2>=K96,"High","Low")) -> High | U96: uncharacterized protein LOC128199312 | V96: (not in CSV) | W96: XP_052744255.1
A97: S096 | B97: Dragonaut9000 | C97: inrho1 | D97: inactive rhomboid protein 1 | E97: Bicyclus anynana | F97: LOC112049692 | I97: B2 | J97: AF647 | K97: =COUNTIF(Probe_Pairs!$B:$B,A97) -> 5 | L97: =COUNTIFS(Probe_Pairs!$B:$B,A97,Probe_Pairs!$S:$S,"Both halves") -> 0 | N97: inrho1 | O97: Master (Jul 2024) | Q97: genome_cds.fa match | R97: LOC112049692 | S97: =IF(R97="","",COUNTIFS(Probe_Pairs!$B:$B,A97,Probe_Pairs!$X:$X,"Both halves")) -> 5 | T97: =IF(R97="","",IF(S97*2>=K97,"High","Low")) -> High | U97: inactive rhomboid protein 1 | V97: inactive rhomboid protein 1 | W97: XP_052740395.1
A98: S097 | B98: Dragonaut9000 | C98: JNK1/MAPK8-assoc. | D98: JNK1/MAPK8-associated membrane protein | E98: Bicyclus anynana | F98: LOC112047482 | G98: XM_024084608.1 | I98: B2 | J98: AF647 | K98: =COUNTIF(Probe_Pairs!$B:$B,A98) -> 3 | L98: =COUNTIFS(Probe_Pairs!$B:$B,A98,Probe_Pairs!$S:$S,"Both halves") -> 3 | N98: JNK1 | O98: Master (Jul 2024); B2 file | P98: T084 | Q98: genome_cds.fa match | R98: LOC112047482 | S98: =IF(R98="","",COUNTIFS(Probe_Pairs!$B:$B,A98,Probe_Pairs!$X:$X,"Both halves")) -> 3 | T98: =IF(R98="","",IF(S98*2>=K98,"High","Low")) -> High | U98: JNK1/MAPK8-associated membrane protein | V98: JNK1/MAPK8-associated membrane protein | W98: XP_023940376.2
A99: S098 | B99: Dragonaut9000 | C99: knot/collier | D99: knot/collier | E99: Bicyclus anynana | F99: LOC112053089 | I99: B2 | J99: AF647 | K99: =COUNTIF(Probe_Pairs!$B:$B,A99) -> 5 | L99: =COUNTIFS(Probe_Pairs!$B:$B,A99,Probe_Pairs!$S:$S,"Both halves") -> 5 | N99: Knot | O99: Master (Jul 2024); B2 file | P99: T068 | Q99: genome_cds.fa match | R99: LOC112053089 | S99: =IF(R99="","",COUNTIFS(Probe_Pairs!$B:$B,A99,Probe_Pairs!$X:$X,"Both halves")) -> 3 | T99: =IF(R99="","",IF(S99*2>=K99,"High","Low")) -> High | U99: transcription factor collier isoform X6 | V99: transcription factor collier isoform X1 | W99: XP_052740971.1; XP_052740966.1; XP_052740967.1; XP_052740968.1; XP_052740969.1; XP_052740972.1
A100: S099 | B100: Dragonaut9000 | C100: mad3 | D100: mothers against decapentaplegic homolog 3 | E100: Bicyclus anynana | F100: LOC112045951 | H100: Bany_06848-RA | I100: B2 | J100: AF647 | K100: =COUNTIF(Probe_Pairs!$B:$B,A100) -> 5 | L100: =COUNTIFS(Probe_Pairs!$B:$B,A100,Probe_Pairs!$S:$S,"Both halves") -> 5 | N100: Mad | O100: Master (Jul 2024); B2 file | P100: T105 | Q100: genome_cds.fa match | R100: LOC112045951 | S100: =IF(R100="","",COUNTIFS(Probe_Pairs!$B:$B,A100,Probe_Pairs!$X:$X,"Both halves")) -> 2 | T100: =IF(R100="","",IF(S100*2>=K100,"High","Low")) -> Low | U100: mothers against decapentaplegic homolog 3 isoform X3 | V100: mothers against decapentaplegic homolog 3 isoform X1 | W100: XP_023938123.1; XP_023938122.1; XP_052742856.1 | X100: 1 pair(s) flagged in Probe_Pairs; Only 2/5 pairs match the genome LOC on both halves
...

Sheet Probe_Pairs
A1: Pair_ID | B1: Set_ID | C1: Gene | D1: Amplifier | E1: Pair # | F1: P1 standard name | G1: P1 sequence (5′→3′) | H1: P2 standard name | I1: P2 sequence (5′→3′) | J1: P1 original name(s) | K1: P2 original name(s) | L1: P1 binding arm | M1: P2 binding arm | N1: P1 arm length | O1: P2 arm length | P1: P1 arm GC% | Q1: P2 arm GC% | R1: Template | S1: Template match | T1: Site start on template (nt) | U1: Paired by | V1: Source files | W1: Pool / order (as recorded) | X1: Genome match (to set LOC) | Y1: Pair flag
A2: S001-01 | B2: S001 | C2: 18w | D2: B1 | E2: 1 | F2: 18w_B1_P1_01 | G2: GAGGAGGGCAGCAAACGGAAAAATATATTTCTCGCAACTCTTTCG | H2: 18w_B1_P2_01 | I2: GCTAATTCAAATAGTAGGTTATTATTAGAAGAGTCTTCCTTTACG | J2: B1_P1 (18w)_1 | K2: B1_P2 (18w)_1 | L2: AAATATATTTCTCGCAACTCTTTCG | M2: GCTAATTCAAATAGTAGGTTATTAT | N2: =LEN(L2) -> 25 | O2: =LEN(M2) -> 25 | P2: =IF(N2=0,"",(N2-LEN(SUBSTITUTE(SUBSTITUTE(L2,"G",""),"C","")))/N2) -> 0.32 | Q2: =IF(O2=0,"",(O2-LEN(SUBSTITUTE(SUBSTITUTE(M2,"G",""),"C","")))/O2) -> 0.24 | R2: T050 | S2: Both halves | T2: 210 | U2: template position | V2: Master (Jul 2024); B1 file | X2: Both halves
A3: S001-02 | B3: S001 | C3: 18w | D3: B1 | E3: 2 | F3: 18w_B1_P1_02 | G3: GAGGAGGGCAGCAAACGGAATAAGACAAGCAGCTGTTCTAATCGG | H3: 18w_B1_P2_02 | I3: ACTTGAGAGTTGATTATTCGATAAATAGAAGAGTCTTCCTTTACG | J3: B1_P1 (18w)_2 | K3: B1_P2 (18w)_2 | L3: TAAGACAAGCAGCTGTTCTAATCGG | M3: ACTTGAGAGTTGATTATTCGATAAA | N3: =LEN(L3) -> 25 | O3: =LEN(M3) -> 25 | P3: =IF(N3=0,"",(N3-LEN(SUBSTITUTE(SUBSTITUTE(L3,"G",""),"C","")))/N3) -> 0.44 | Q3: =IF(O3=0,"",(O3-LEN(SUBSTITUTE(SUBSTITUTE(M3,"G",""),"C","")))/O3) -> 0.28 | R3: T050 | S3: Both halves | T3: 277 | U3: template position | V3: Master (Jul 2024); B1 file | X3: Both halves
A4: S001-03 | B4: S001 | C4: 18w | D4: B1 | E4: 3 | F4: 18w_B1_P1_03 | G4: GAGGAGGGCAGCAAACGGAAAAGCGTATAAGACCAATGAAAGTTC | H4: 18w_B1_P2_03 | I4: GCGTTATTGGATAAATTCAGAATGATAGAAGAGTCTTCCTTTACG | J4: B1_P1 (18w)_3 | K4: B1_P2 (18w)_3 | L4: AAGCGTATAAGACCAATGAAAGTTC | M4: GCGTTATTGGATAAATTCAGAATGA | N4: =LEN(L4) -> 25 | O4: =LEN(M4) -> 25 | P4: =IF(N4=0,"",(N4-LEN(SUBSTITUTE(SUBSTITUTE(L4,"G",""),"C","")))/N4) -> 0.36 | Q4: =IF(O4=0,"",(O4-LEN(SUBSTITUTE(SUBSTITUTE(M4,"G",""),"C","")))/O4) -> 0.32 | R4: T050 | S4: Both halves | T4: 345 | U4: template position | V4: Master (Jul 2024); B1 file | X4: Both halves
A5: S001-04 | B5: S001 | C5: 18w | D5: B1 | E5: 4 | F5: 18w_B1_P1_04 | G5: GAGGAGGGCAGCAAACGGAAAGAATAAATCCTTGAACGTCTTACC | H5: 18w_B1_P2_04 | I5: TATTTCTTAAATCTAATATTTGAAGTAGAAGAGTCTTCCTTTACG | J5: B1_P1 (18w)_4 | K5: B1_P2 (18w)_4 | L5: AGAATAAATCCTTGAACGTCTTACC | M5: TATTTCTTAAATCTAATATTTGAAG | N5: =LEN(L5) -> 25 | O5: =LEN(M5) -> 25 | P5: =IF(N5=0,"",(N5-LEN(SUBSTITUTE(SUBSTITUTE(L5,"G",""),"C","")))/N5) -> 0.36 | Q5: =IF(O5=0,"",(O5-LEN(SUBSTITUTE(SUBSTITUTE(M5,"G",""),"C","")))/O5) -> 0.16 | R5: T050 | S5: Both halves | T5: 413 | U5: template position | V5: Master (Jul 2024); B1 file | X5: Both halves
A6: S001-05 | B6: S001 | C6: 18w | D6: B1 | E6: 5 | F6: 18w_B1_P1_05 | G6: GAGGAGGGCAGCAAACGGAACAAAGGAAGGAAAGTATTCTCTTCA | H6: 18w_B1_P2_05 | I6: AGCTAAGTTTATAGTATGTAAATTATAGAAGAGTCTTCCTTTACG | J6: B1_P1 (18w)_5 | K6: B1_P2 (18w)_5 | L6: CAAAGGAAGGAAAGTATTCTCTTCA | M6: AGCTAAGTTTATAGTATGTAAATTA | N6: =LEN(L6) -> 25 | O6: =LEN(M6) -> 25 | P6: =IF(N6=0,"",(N6-LEN(SUBSTITUTE(SUBSTITUTE(L6,"G",""),"C","")))/N6) -> 0.36 | Q6: =IF(O6=0,"",(O6-LEN(SUBSTITUTE(SUBSTITUTE(M6,"G",""),"C","")))/O6) -> 0.2 | R6: T050 | S6: Both halves | T6: 481 | U6: template position | V6: Master (Jul 2024); B1 file | X6: Both halves
A7: S001-06 | B7: S001 | C7: 18w | D7: B1 | E7: 6 | F7: 18w_B1_P1_06 | G7: GAGGAGGGCAGCAAACGGAAGCCATTAAAAAGGAGCTCATCGATA | H7: 18w_B1_P2_06 | I7: TAAATTCAATTTACTTAAAACAAACTAGAAGAGTCTTCCTTTACG | J7: B1_P1 (18w)_6 | K7: B1_P2 (18w)_6 | L7: GCCATTAAAAAGGAGCTCATCGATA | M7: TAAATTCAATTTACTTAAAACAAAC | N7: =LEN(L7) -> 25 | O7: =LEN(M7) -> 25 | P7: =IF(N7=0,"",(N7-LEN(SUBSTITUTE(SUBSTITUTE(L7,"G",""),"C","")))/N7) -> 0.4 | Q7: =IF(O7=0,"",(O7-LEN(SUBSTITUTE(SUBSTITUTE(M7,"G",""),"C","")))/O7) -> 0.16 | R7: T050 | S7: Both halves | T7: 550 | U7: template position | V7: Master (Jul 2024); B1 file | X7: Both halves
A8: S002-01 | B8: S002 | C8: al-like | D8: B1 | E8: 1 | F8: al-like_B1_P1_01 | G8: GAGGAGGGCAGCAAACGGAAGTCGTCTTTCGGTGGTTCTGATAGC | H8: al-like_B1_P2_01 | I8: GGAGAGTTCTGGAGTAGTTCGAGGATAGAAGAGTCTTCCTTTACG | J8: B1_P1 (al_like)_1 | K8: B1_P2 (al_like)_1 | L8: GTCGTCTTTCGGTGGTTCTGATAGC | M8: GGAGAGTTCTGGAGTAGTTCGAGGA | N8: =LEN(L8) -> 25 | O8: =LEN(M8) -> 25 | P8: =IF(N8=0,"",(N8-LEN(SUBSTITUTE(SUBSTITUTE(L8,"G",""),"C","")))/N8) -> 0.52 | Q8: =IF(O8=0,"",(O8-LEN(SUBSTITUTE(SUBSTITUTE(M8,"G",""),"C","")))/O8) -> 0.52 | R8: T027 | S8: Both halves | T8: 6 | U8: template position | V8: Master (Jul 2024); B1 file | X8: Both halves
A9: S002-02 | B9: S002 | C9: al-like | D9: B1 | E9: 2 | F9: al-like_B1_P1_02 | G9: GAGGAGGGCAGCAAACGGAAAGCCTAAAGGTGGTCTTTCCGAAGC | H9: al-like_B1_P2_02 | I9: AGTCATCTGCATCATCGCTGTCAGCTAGAAGAGTCTTCCTTTACG | J9: B1_P1 (al_like)_2 | K9: B1_P2 (al_like)_2 | L9: AGCCTAAAGGTGGTCTTTCCGAAGC | M9: AGTCATCTGCATCATCGCTGTCAGC | N9: =LEN(L9) -> 25 | O9: =LEN(M9) -> 25 | P9: =IF(N9=0,"",(N9-LEN(SUBSTITUTE(SUBSTITUTE(L9,"G",""),"C","")))/N9) -> 0.52 | Q9: =IF(O9=0,"",(O9-LEN(SUBSTITUTE(SUBSTITUTE(M9,"G",""),"C","")))/O9) -> 0.52 | R9: T027 | S9: Both halves | T9: 76 | U9: template position | V9: Master (Jul 2024); B1 file | X9: Both halves
A10: S002-03 | B10: S002 | C10: al-like | D10: B1 | E10: 3 | F10: al-like_B1_P1_03 | G10: GAGGAGGGCAGCAAACGGAAGGGGGGGCCGCACCCCCTAGGTAGG | H10: al-like_B1_P2_03 | I10: GGGTTCGGCATGGACGCGACCGAGGTAGAAGAGTCTTCCTTTACG | J10: B1_P1 (al_like)_3 | K10: B1_P2 (al_like)_3 | L10: GGGGGGGCCGCACCCCCTAGGTAGG | M10: GGGTTCGGCATGGACGCGACCGAGG | N10: =LEN(L10) -> 25 | O10: =LEN(M10) -> 25 | P10: =IF(N10=0,"",(N10-LEN(SUBSTITUTE(SUBSTITUTE(L10,"G",""),"C","")))/N10) -> 0.8 | Q10: =IF(O10=0,"",(O10-LEN(SUBSTITUTE(SUBSTITUTE(M10,"G",""),"C","")))/O10) -> 0.72 | R10: T027 | S10: Both halves | T10: 356 | U10: template position | V10: Master (Jul 2024); B1 file | X10: Both halves
A11: S002-04 | B11: S002 | C11: al-like | D11: B1 | E11: 4 | F11: al-like_B1_P1_04 | G11: GAGGAGGGCAGCAAACGGAAAGGCCCGCTAGCAGCGAATGAAAGG | H11: al-like_B1_P2_04 | I11: TCAGGAGACTGTCGGGGGGGTGCTGTAGAAGAGTCTTCCTTTACG | J11: B1_P1 (al_like)_4 | K11: B1_P2 (al_like)_4 | L11: AGGCCCGCTAGCAGCGAATGAAAGG | M11: TCAGGAGACTGTCGGGGGGGTGCTG | N11: =LEN(L11) -> 25 | O11: =LEN(M11) -> 25 | P11: =IF(N11=0,"",(N11-LEN(SUBSTITUTE(SUBSTITUTE(L11,"G",""),"C","")))/N11) -> 0.6 | Q11: =IF(O11=0,"",(O11-LEN(SUBSTITUTE(SUBSTITUTE(M11,"G",""),"C","")))/O11) -> 0.68 | R11: T027 | S11: Both halves | T11: 566 | U11: template position | V11: Master (Jul 2024); B1 file | X11: Both halves
A12: S003-01 | B12: S003 | C12: APC | D12: B1 | E12: 1 | F12: APC_B1_P1_01 | G12: GAGGAGGGCAGCAAACGGAAAGAGTCCATACTGCTCCAGGTATCT | H12: APC_B1_P2_01 | I12: TCCGGAGTCAGTCAATGGAGAATTATAGAAGAGTCTTCCTTTACG | J12: B1_P1 (APC)_1 | K12: B1_P2 (APC)_1 | L12: AGAGTCCATACTGCTCCAGGTATCT | M12: TCCGGAGTCAGTCAATGGAGAATTA | N12: =LEN(L12) -> 25 | O12: =LEN(M12) -> 25 | P12: =IF(N12=0,"",(N12-LEN(SUBSTITUTE(SUBSTITUTE(L12,"G",""),"C","")))/N12) -> 0.48 | Q12: =IF(O12=0,"",(O12-LEN(SUBSTITUTE(SUBSTITUTE(M12,"G",""),"C","")))/O12) -> 0.44 | R12: T076 | S12: Both halves | T12: 6 | U12: template position | V12: Master (Jul 2024); B1 file | X12: P2 only
A13: S003-02 | B13: S003 | C13: APC | D13: B1 | E13: 2 | F13: APC_B1_P1_02 | G13: GAGGAGGGCAGCAAACGGAAGTTCATTGGACGTGGAAGGGGGGCA | H13: APC_B1_P2_02 | I13: AAGAGGCCTGTACAGGCCTCCGGGGTAGAAGAGTCTTCCTTTACG | J13: B1_P1 (APC)_2 | K13: B1_P2 (APC)_2 | L13: GTTCATTGGACGTGGAAGGGGGGCA | M13: AAGAGGCCTGTACAGGCCTCCGGGG | N13: =LEN(L13) -> 25 | O13: =LEN(M13) -> 25 | P13: =IF(N13=0,"",(N13-LEN(SUBSTITUTE(SUBSTITUTE(L13,"G",""),"C","")))/N13) -> 0.6 | Q13: =IF(O13=0,"",(O13-LEN(SUBSTITUTE(SUBSTITUTE(M13,"G",""),"C","")))/O13) -> 0.68 | R13: T076 | S13: Both halves | T13: 76 | U13: template position | V13: Master (Jul 2024); B1 file | X13: Both halves
... A93: S014-10 | B93: S014 | C93: dpp | D93: B1 | E93: 10 | F93: dpp_B1_P1_10 | G93: GAGGAGGGCAGCAAACGGAAATATAACATAGATATAGATGAGAGT | H93: dpp_B1_P2_10 | I93: AAGCACCACATTGTTCACTTCGTCCTAGAAGAGTCTTCCTTTACG | J93: Dpp10_HCR_P1B1 | K93: Dpp10_HCR_P2B1 | L93: ATATAACATAGATATAGATGAGAGT | M93: AAGCACCACATTGTTCACTTCGTCC | N93: =LEN(L93) -> 25 | O93: =LEN(M93) -> 25 | P93: =IF(N93=0,"",(N93-LEN(SUBSTITUTE(SUBSTITUTE(L93,"G",""),"C","")))/N93) -> 0.24 | Q93: =IF(O93=0,"",(O93-LEN(SUBSTITUTE(SUBSTITUTE(M93,"G",""),"C","")))/O93) -> 0.48 | R93: T005 | S93: Both halves | T93: 724 | U93: template position | V93: Master (Jul 2024); B1 file | X93: Both halves
A94: S015-01 | B94: S015 | C94: ds | D94: B1 | E94: 1 | F94: ds_B1_P1_01 | G94: GAGGAGGGCAGCAAACGGAACACTCGTCTGGTATTCGTTCTCGAG | H94: ds_B1_P2_01 | I94: GCGTACCGGGAGCTGCGGCCTCCGGTAGAAGAGTCTTCCTTTACG | J94: ds_dsx_ets5_ | K94: ds_dsx_ets5_ | L94: CACTCGTCTGGTATTCGTTCTCGAG | M94: GCGTACCGGGAGCTGCGGCCTCCGG | N94: =LEN(L94) -> 25 | O94: =LEN(M94) -> 25 | P94: =IF(N94=0,"",(N94-LEN(SUBSTITUTE(SUBSTITUTE(L94,"G",""),"C","")))/N94) -> 0.52 | Q94: =IF(O94=0,"",(O94-LEN(SUBSTITUTE(SUBSTITUTE(M94,"G",""),"C","")))/O94) -> 0.8 | R94: T190 | S94: Both halves | T94: 1327 | U94: template position | V94: ds_dsx_ets5 oPool | W94: ds_dsx_ets5 oPool | X94: Both halves
A95: S015-02 | B95: S015 | C95: ds | D95: B1 | E95: 2 | F95: ds_B1_P1_02 | G95: GAGGAGGGCAGCAAACGGAAGATGTCGGAATTATCTCCTTCATCC | H95: ds_B1_P2_02 | I95: CTGCGGTGTTGGAAGCAAGGAATACTAGAAGAGTCTTCCTTTACG | J95: ds_dsx_ets5_ | K95: ds_dsx_ets5_ | L95: GATGTCGGAATTATCTCCTTCATCC | M95: CTGCGGTGTTGGAAGCAAGGAATAC | N95: =LEN(L95) -> 25 | O95: =LEN(M95) -> 25 | P95: =IF(N95=0,"",(N95-LEN(SUBSTITUTE(SUBSTITUTE(L95,"G",""),"C","")))/N95) -> 0.44 | Q95: =IF(O95=0,"",(O95-LEN(SUBSTITUTE(SUBSTITUTE(M95,"G",""),"C","")))/O95) -> 0.52 | R95: T190 | S95: Both halves | T95: 1407 | U95: template position | V95: ds_dsx_ets5 oPool | W95: ds_dsx_ets5 oPool | X95: Both halves
A96: S015-03 | B96: S015 | C96: ds | D96: B1 | E96: 3 | F96: ds_B1_P1_03 | G96: GAGGAGGGCAGCAAACGGAACGGGACCGGGTTGTTACCAGACCAG | H96: ds_B1_P2_03 | I96: GGCATCGGATTCGTTTCACAATCAATAGAAGAGTCTTCCTTTACG | J96: ds_dsx_ets5_ | K96: ds_dsx_ets5_ | L96: CGGGACCGGGTTGTTACCAGACCAG | M96: GGCATCGGATTCGTTTCACAATCAA | N96: =LEN(L96) -> 25 | O96: =LEN(M96) -> 25 | P96: =IF(N96=0,"",(N96-LEN(SUBSTITUTE(SUBSTITUTE(L96,"G",""),"C","")))/N96) -> 0.64 | Q96: =IF(O96=0,"",(O96-LEN(SUBSTITUTE(SUBSTITUTE(M96,"G",""),"C","")))/O96) -> 0.44 | R96: T190 | S96: Both halves | T96: 1487 | U96: template position | V96: ds_dsx_ets5 oPool | W96: ds_dsx_ets5 oPool | X96: Both halves
A97: S015-04 | B97: S015 | C97: ds | D97: B1 | E97: 4 | F97: ds_B1_P1_04 | G97: GAGGAGGGCAGCAAACGGAACGGTGGACGACAGCGGAGGATTGCC | H97: ds_B1_P2_04 | I97: CATCTAACACTGTCACTAACAACGTTAGAAGAGTCTTCCTTTACG | J97: ds_dsx_ets5_ | K97: ds_dsx_ets5_ | L97: CGGTGGACGACAGCGGAGGATTGCC | M97: CATCTAACACTGTCACTAACAACGT | N97: =LEN(L97) -> 25 | O97: =LEN(M97) -> 25 | P97: =IF(N97=0,"",(N97-LEN(SUBSTITUTE(SUBSTITUTE(L97,"G",""),"C","")))/N97) -> 0.68 | Q97: =IF(O97=0,"",(O97-LEN(SUBSTITUTE(SUBSTITUTE(M97,"G",""),"C","")))/O97) -> 0.4 | R97: T190 | S97: Both halves | T97: 1567 | U97: template position | V97: ds_dsx_ets5 oPool | W97: ds_dsx_ets5 oPool | X97: Both halves
A98: S015-05 | B98: S015 | C98: ds | D98: B1 | E98: 5 | F98: ds_B1_P1_05 | G98: GAGGAGGGCAGCAAACGGAAGGAGACGGTCACGTTGTAGAAGGAC | H98: ds_B1_P2_05 | I98: AATACAGCTGCCGACAGCCTCATTCTAGAAGAGTCTTCCTTTACG | J98: ds_dsx_ets5_ | K98: ds_dsx_ets5_ | L98: GGAGACGGTCACGTTGTAGAAGGAC | M98: AATACAGCTGCCGACAGCCTCATTC | N98: =LEN(L98) -> 25 | O98: =LEN(M98) -> 25 | P98: =IF(N98=0,"",(N98-LEN(SUBSTITUTE(SUBSTITUTE(L98,"G",""),"C","")))/N98) -> 0.56 | Q98: =IF(O98=0,"",(O98-LEN(SUBSTITUTE(SUBSTITUTE(M98,"G",""),"C","")))/O98) -> 0.52 | R98: T190 | S98: Both halves | T98: 1647 | U98: template position | V98: ds_dsx_ets5 oPool | W98: ds_dsx_ets5 oPool | X98: Both halves
A99: S015-06 | B99: S015 | C99: ds | D99: B1 | E99: 6 | F99: ds_B1_P1_06 | G99: GAGGAGGGCAGCAAACGGAATAGTTCACTATCGCGTTCACGCCGC | H99: ds_B1_P2_06 | I99: GGTCGAGCCAGTCCATCGCCCAGGGTAGAAGAGTCTTCCTTTACG | J99: ds_dsx_ets5_ | K99: ds_dsx_ets5_ | L99: TAGTTCACTATCGCGTTCACGCCGC | M99: GGTCGAGCCAGTCCATCGCCCAGGG | N99: =LEN(L99) -> 25 | O99: =LEN(M99) -> 25 | P99: =IF(N99=0,"",(N99-LEN(SUBSTITUTE(SUBSTITUTE(L99,"G",""),"C","")))/N99) -> 0.56 | Q99: =IF(O99=0,"",(O99-LEN(SUBSTITUTE(SUBSTITUTE(M99,"G",""),"C","")))/O99) -> 0.72 | R99: T190 | S99: Both halves | T99: 1727 | U99: template position | V99: ds_dsx_ets5 oPool | W99: ds_dsx_ets5 oPool | X99: Both halves
A100: S015-07 | B100: S015 | C100: ds | D100: B1 | E100: 7 | F100: ds_B1_P1_07 | G100: GAGGAGGGCAGCAAACGGAACCAAGGGGGCAGAAACGCAAAGATC | H100: ds_B1_P2_07 | I100: ACTCAAAATCGCTAGTTGTCTCGTGTAGAAGAGTCTTCCTTTACG | J100: ds_dsx_ets5_ | K100: ds_dsx_ets5_ | L100: CCAAGGGGGCAGAAACGCAAAGATC | M100: ACTCAAAATCGCTAGTTGTCTCGTG | N100: =LEN(L100) -> 25 | O100: =LEN(M100) -> 25 | P100: =IF(N100=0,"",(N100-LEN(SUBSTITUTE(SUBSTITUTE(L100,"G",""),"C","")))/N100) -> 0.56 | Q100: =IF(O100=0,"",(O100-LEN(SUBSTITUTE(SUBSTITUTE(M100,"G",""),"C","")))/O100) -> 0.44 | R100: T190 | S100: Both halves | T100: 1807 | U100: template position | V100: ds_dsx_ets5 oPool | W100: ds_dsx_ets5 oPool | X100: Both halves
A101: S015-08 | B101: S015 | C101: ds | D101: B1 | E101: 8 | F101: ds_B1_P1_08 | G101: GAGGAGGGCAGCAAACGGAACTTCACCATTGCGGTCGTGGACAGG | H101: ds_B1_P2_08 | I101: GTTGTCGTTTATATCGAGAAGTTGGTAGAAGAGTCTTCCTTTACG | J101: ds_dsx_ets5_ | K101: ds_dsx_ets5_ | L101: CTTCACCATTGCGGTCGTGGACAGG | M101: GTTGTCGTTTATATCGAGAAGTTGG | N101: =LEN(L101) -> 25 | O101: =LEN(M101) -> 25 | P101: =IF(N101=0,"",(N101-LEN(SUBSTITUTE(SUBSTITUTE(L101,"G",""),"C","")))/N101) -> 0.6 | Q101: =IF(O101=0,"",(O101-LEN(SUBSTITUTE(SUBSTITUTE(M101,"G",""),"C","")))/O101) -> 0.4 | R101: T190 | S101: Both halves | T101: 1887 | U101: template position | V101: ds_dsx_ets5 oPool | W101: ds_dsx_ets5 oPool | X101: Both halves
A102: S015-09 | B102: S015 | C102: ds | D102: B1 | E102: 9 | F102: ds_B1_P1_09 | G102: GAGGAGGGCAGCAAACGGAAATCCTCCCCTCCTTCAGAGAGACGT | H102: ds_B1_P2_09 | I102: ACAGCTACTATGGGCTCGTTGCTAGTAGAAGAGTCTTCCTTTACG | J102: ds_dsx_ets5_ | K102: ds_dsx_ets5_ | L102: ATCCTCCCCTCCTTCAGAGAGACGT | M102: ACAGCTACTATGGGCTCGTTGCTAG | N102: =LEN(L102) -> 25 | O102: =LEN(M102) -> 25 | P102: =IF(N102=0,"",(N102-LEN(SUBSTITUTE(SUBSTITUTE(L102,"G",""),"C","")))/N102) -> 0.56 | Q102: =IF(O102=0,"",(O102-LEN(SUBSTITUTE(SUBSTITUTE(M102,"G",""),"C","")))/O102) -> 0.52 | R102: T190 | S102: Both halves | T102: 1967 | U102: template position | V102: ds_dsx_ets5 oPool | W102: ds_dsx_ets5 oPool | X102: Both halves
A103: S015-10 | B103: S015 | C103: ds | D103: B1 | E103: 10 | F103: ds_B1_P1_10 | G103: GAGGAGGGCAGCAAACGGAACTATTCTGTACGTAACTGTTCCGAA | H103: ds_B1_P2_10 | I103: GGAATACATCGTTGTCGTTCCCATTTAGAAGAGTCTTCCTTTACG | J103: ds_dsx_ets5_ | K103: ds_dsx_ets5_ | L103: CTATTCTGTACGTAACTGTTCCGAA | M103: GGAATACATCGTTGTCGTTCCCATT | N103: =LEN(L103) -> 25 | O103: =LEN(M103) -> 25 | P103: =IF(N103=0,"",(N103-LEN(SUBSTITUTE(SUBSTITUTE(L103,"G",""),"C","")))/N103) -> 0.4 | Q103: =IF(O103=0,"",(O103-LEN(SUBSTITUTE(SUBSTITUTE(M103,"G",""),"C","")))/O103) -> 0.44 | R103: T190 | S103: Both halves | T103: 2047 | U103: template position | V103: ds_dsx_ets5 oPool | W103: ds_dsx_ets5 oPool | X103: Both halves
A104: S016-01 | B104: S016 | C104: dscam2 | D104: B1 | E104: 1 | F104: dscam2_B1_P1_01 | G104: GAGGAGGGCAGCAAACGGAAACCGGGATCTTATCACTAATCCCGG | H104: dscam2_B1_P2_01 | I104: AACTGTGTACCATAATCCCGCTTGTTAGAAGAGTCTTCCTTTACG | J104: B1_P1 (dscam2)_1 | K104: B1_P2 (dscam2)_1 | L104: ACCGGGATCTTATCACTAATCCCGG | M104: AACTGTGTACCATAATCCCGCTTGT | N104: =LEN(L104) -> 25 | O104: =LEN(M104) -> 25 | P104: =IF(N104=0,"",(N104-LEN(SUBSTITUTE(SUBSTITUTE(L104,"G",""),"C","")))/N104) -> 0.52 | Q104: =IF(O104=0,"",(O104-LEN(SUBSTITUTE(SUBSTITUTE(M104,"G",""),"C","")))/O104) -> 0.44 | R104: T042 | S104: Both halves | T104: 146 | U104: template position | V104: Master (Jul 2024); B1 file | X104: Both halves
A105: S016-02 | B105: S016 | C105: dscam2 | D105: B1 | E105: 2 | F105: dscam2_B1_P1_02 | G105: GAGGAGGGCAGCAAACGGAATGACCTAGACTTTCTTACATTTTGC | H105: dscam2_B1_P2_02 | I105: TTTTCTTTTAGTTTTCTTGTGATCGTAGAAGAGTCTTCCTTTACG | J105: B1_P1 (dscam2)_2 | K105: B1_P2 (dscam2)_2 | L105: TGACCTAGACTTTCTTACATTTTGC | M105: TTTTCTTTTAGTTTTCTTGTGATCG | N105: =LEN(L105) -> 25 | O105: =LEN(M105) -> 25 | P105: =IF(N105=0,"",(N105-LEN(SUBSTITUTE(SUBSTITUTE(L105,"G",""),"C","")))/N105) -> 0.36 | Q105: =IF(O105=0,"",(O105-LEN(SUBSTITUTE(SUBSTITUTE(M105,"G",""),"C","")))/O105) -> 0.28 | R105: T042 | S105: Both halves | T105: 216 | U105: template position | V105: Master (Jul 2024); B1 file | X105: Both halves
A106: S016-03 | B106: S016 | C106: dscam2 | D106: B1 | E106: 3 | F106: dscam2_B1_P1_03 | G106: GAGGAGGGCAGCAAACGGAATTGTACCAATTGTCACGGTCTGCAA | H106: dscam2_B1_P2_03 | I106: TCCCTGAACTTAGATCCCTTTTAAATAGAAGAGTCTTCCTTTACG | J106: B1_P1 (dscam2)_3 | K106: B1_P2 (dscam2)_3 | L106: TTGTACCAATTGTCACGGTCTGCAA | M106: TCCCTGAACTTAGATCCCTTTTAAA | N106: =LEN(L106) -> 25 | O106: =LEN(M106) -> 25 | P106: =IF(N106=0,"",(N106-LEN(SUBSTITUTE(SUBSTITUTE(L106,"G",""),"C","")))/N106) -> 0.44 | Q106: =IF(O106=0,"",(O106-LEN(SUBSTITUTE(SUBSTITUTE(M106,"G",""),"C","")))/O106) -> 0.36 | R106: T042 | S106: Both halves | T106: 286 | U106: template position | V106: Master (Jul 2024); B1 file | X106: Both halves
A107: S016-04 | B107: S016 | C107: dscam2 | D107: B1 | E107: 4 | F107: dscam2_B1_P1_04 | G107: GAGGAGGGCAGCAAACGGAAGGCGATAAAACTTTATCGTTGAAAT | H107: dscam2_B1_P2_04 | I107: GTACATTGAAGACTAATGTCTTCACTAGAAGAGTCTTCCTTTACG | J107: B1_P1 (dscam2)_4 | K107: B1_P2 (dscam2)_4 | L107: GGCGATAAAACTTTATCGTTGAAAT | M107: GTACATTGAAGACTAATGTCTTCAC | N107: =LEN(L107) -> 25 | O107: =LEN(M107) -> 25 | P107: =IF(N107=0,"",(N107-LEN(SUBSTITUTE(SUBSTITUTE(L107,"G",""),"C","")))/N107) -> 0.32 | Q107: =IF(O107=0,"",(O107-LEN(SUBSTITUTE(SUBSTITUTE(M107,"G",""),"C","")))/O107) -> 0.36 | R107: T042 | S107: Both halves | T107: 356 | U107: template position | V107: Master (Jul 2024); B1 file | X107: Both halves
A108: S016-05 | B108: S016 | C108: dscam2 | D108: B1 | E108: 5 | F108: dscam2_B1_P1_05 | G108: GAGGAGGGCAGCAAACGGAAATCCCTCTCCCAAATGAACCGCGGT | H108: dscam2_B1_P2_05 | I108: GTCAGTATTTGACGTGATGACTACATAGAAGAGTCTTCCTTTACG | J108: B1_P1 (dscam2)_5 | K108: B1_P2 (dscam2)_5 | L108: ATCCCTCTCCCAAATGAACCGCGGT | M108: GTCAGTATTTGACGTGATGACTACA | N108: =LEN(L108) -> 25 | O108: =LEN(M108) -> 25 | P108: =IF(N108=0,"",(N108-LEN(SUBSTITUTE(SUBSTITUTE(L108,"G",""),"C","")))/N108) -> 0.56 | Q108: =IF(O108=0,"",(O108-LEN(SUBSTITUTE(SUBSTITUTE(M108,"G",""),"C","")))/O108) -> 0.4 | R108: T042 | S108: Both halves | T108: 426 | U108: template position | V108: Master (Jul 2024); B1 file | X108: Both halves
A109: S016-06 | B109: S016 | C109: dscam2 | D109: B1 | E109: 6 | F109: dscam2_B1_P1_06 | G109: GAGGAGGGCAGCAAACGGAACGATCCCCGTCGGTGACATCATTTG | H109: dscam2_B1_P2_06 | I109: TGGATATGTTTAATTGTGATATTACTAGAAGAGTCTTCCTTTACG | J109: B1_P1 (dscam2)_6 | K109: B1_P2 (dscam2)_6 | L109: CGATCCCCGTCGGTGACATCATTTG | M109: TGGATATGTTTAATTGTGATATTAC | N109: =LEN(L109) -> 25 | O109: =LEN(M109) -> 25 | P109: =IF(N109=0,"",(N109-LEN(SUBSTITUTE(SUBSTITUTE(L109,"G",""),"C","")))/N109) -> 0.56 | Q109: =IF(O109=0,"",(O109-LEN(SUBSTITUTE(SUBSTITUTE(M109,"G",""),"C","")))/O109) -> 0.24 | R109: T042 | S109: Both halves | T109: 496 | U109: template position | V109: Master (Jul 2024); B1 file | X109: Both halves
A110: S017-01 | B110: S017 | C110: e20m | D110: B1 | E110: 1 | F110: e20m_B1_P1_01 | G110: GAGGAGGGCAGCAAACGGAACATTCTATAACGACTCCAGAACAGC | H110: e20m_B1_P2_01 | I110: GTCTTCATACGCTTCGTGTAGTTTGTAGAAGAGTCTTCCTTTACG | J110: B1_P1 (e20m)_1 | K110: B1_P2 (e20m)_1 | L110: CATTCTATAACGACTCCAGAACAGC | M110: GTCTTCATACGCTTCGTGTAGTTTG | N110: =LEN(L110) -> 25 | O110: =LEN(M110) -> 25 | P110: =IF(N110=0,"",(N110-LEN(SUBSTITUTE(SUBSTITUTE(L110,"G",""),"C","")))/N110) -> 0.44 | Q110: =IF(O110=0,"",(O110-LEN(SUBSTITUTE(SUBSTITUTE(M110,"G",""),"C","")))/O110) -> 0.44 | R110: T033 | S110: Both halves | T110: 216 | U110: template position | V110: Master (Jul 2024); B1 file | X110: Both halves
A111: S017-02 | B111: S017 | C111: e20m | D111: B1 | E111: 2 | F111: e20m_B1_P1_02 | G111: GAGGAGGGCAGCAAACGGAACTGGAGTCACCTCGGCGAACACTGG | H111: e20m_B1_P2_02 | I111: CAGCGATGGAGACGACGAGGGCGCCTAGAAGAGTCTTCCTTTACG | J111: B1_P1 (e20m)_2 | K111: B1_P2 (e20m)_2 | L111: CTGGAGTCACCTCGGCGAACACTGG | M111: CAGCGATGGAGACGACGAGGGCGCC | N111: =LEN(L111) -> 25 | O111: =LEN(M111) -> 25 | P111: =IF(N111=0,"",(N111-LEN(SUBSTITUTE(SUBSTITUTE(L111,"G",""),"C","")))/N111) -> 0.64 | Q111: =IF(O111=0,"",(O111-LEN(SUBSTITUTE(SUBSTITUTE(M111,"G",""),"C","")))/O111) -> 0.72 | R111: T033 | S111: Both halves | T111: 286 | U111: template position | V111: Master (Jul 2024); B1 file | X111: Both halves
A112: S017-03 | B112: S017 | C112: e20m | D112: B1 | E112: 3 | F112: e20m_B1_P1_03 | G112: GAGGAGGGCAGCAAACGGAACTCTTCGCTGGTGTTCGCAGCACAG | H112: e20m_B1_P2_03 | I112: ACGATTTCAGTGGGGGGTCGATAAGTAGAAGAGTCTTCCTTTACG | J112: B1_P1 (e20m)_3 | K112: B1_P2 (e20m)_3 | L112: CTCTTCGCTGGTGTTCGCAGCACAG | M112: ACGATTTCAGTGGGGGGTCGATAAG | N112: =LEN(L112) -> 25 | O112: =LEN(M112) -> 25 | P112: =IF(N112=0,"",(N112-LEN(SUBSTITUTE(SUBSTITUTE(L112,"G",""),"C","")))/N112) -> 0.6 | Q112: =IF(O112=0,"",(O112-LEN(SUBSTITUTE(SUBSTITUTE(M112,"G",""),"C","")))/O112) -> 0.52 | R112: T033 | S112: Both halves | T112: 356 | U112: template position | V112: Master (Jul 2024); B1 file | X112: Both halves
A113: S017-04 | B113: S017 | C113: e20m | D113: B1 | E113: 4 | F113: e20m_B1_P1_04 | G113: GAGGAGGGCAGCAAACGGAAAGTAGAGGCATATCTATCAGGCCTC | H113: e20m_B1_P2_04 | I113: TTTCTCTCCTTGTTCATTAACAAGTTAGAAGAGTCTTCCTTTACG | J113: B1_P1 (e20m)_4 | K113: B1_P2 (e20m)_4 | L113: AGTAGAGGCATATCTATCAGGCCTC | M113: TTTCTCTCCTTGTTCATTAACAAGT | N113: =LEN(L113) -> 25 | O113: =LEN(M113) -> 25 | P113: =IF(N113=0,"",(N113-LEN(SUBSTITUTE(SUBSTITUTE(L113,"G",""),"C","")))/N113) -> 0.48 | Q113: =IF(O113=0,"",(O113-LEN(SUBSTITUTE(SUBSTITUTE(M113,"G",""),"C","")))/O113) -> 0.32 | R113: T033 | S113: Both halves | T113: 426 | U113: template position | V113: Master (Jul 2024); B1 file | X113: Both halves
A114: S017-05 | B114: S017 | C114: e20m | D114: B1 | E114: 5 | F114: e20m_B1_P1_05 | G114: GAGGAGGGCAGCAAACGGAAGACTGGTCAACTCGCTGGTGAGATG | H114: e20m_B1_P2_05 | I114: CAGGAATGAACCCTTGGATGGTGTGTAGAAGAGTCTTCCTTTACG | J114: B1_P1 (e20m)_5 | K114: B1_P2 (e20m)_5 | L114: GACTGGTCAACTCGCTGGTGAGATG | M114: CAGGAATGAACCCTTGGATGGTGTG | N114: =LEN(L114) -> 25 | O114: =LEN(M114) -> 25 | P114: =IF(N114=0,"",(N114-LEN(SUBSTITUTE(SUBSTITUTE(L114,"G",""),"C","")))/N114) -> 0.56 | Q114: =IF(O114=0,"",(O114-LEN(SUBSTITUTE(SUBSTITUTE(M114,"G",""),"C","")))/O114) -> 0.52 | R114: T033 | S114: Both halves | T114: 496 | U114: template position | V114: Master (Jul 2024); B1 file | X114: Both halves
A115: S017-06 | B115: S017 | C115: e20m | D115: B1 | E115: 6 | F115: e20m_B1_P1_06 | G115: GAGGAGGGCAGCAAACGGAACCCTTCAGCAAGTTGAGGAAGTCAT | H115: e20m_B1_P2_06 | I115: TAGACGGTGCCGTCTGGCCTGCGACTAGAAGAGTCTTCCTTTACG | J115: B1_P1 (e20m)_6 | K115: B1_P2 (e20m)_6 | L115: CCCTTCAGCAAGTTGAGGAAGTCAT | M115: TAGACGGTGCCGTCTGGCCTGCGAC | N115: =LEN(L115) -> 25 | O115: =LEN(M115) -> 25 | P115: =IF(N115=0,"",(N115-LEN(SUBSTITUTE(SUBSTITUTE(L115,"G",""),"C","")))/N115) -> 0.48 | Q115: =IF(O115=0,"",(O115-LEN(SUBSTITUTE(SUBSTITUTE(M115,"G",""),"C","")))/O115) -> 0.68 | R115: T033 | S115: Both halves | T115: 566 | U115: template position | V115: Master (Jul 2024); B1 file | X115: Both halves
... A148: S022-06 | B148: S022 | C148: gasp1 | D148: B1 | E148: 6 | F148: gasp1_B1_P1_06 | G148: GAGGAGGGCAGCAAACGGAAGGAGTTTAGGCATTTGTTGGAGCAC | H148: gasp1_B1_P2_06 | I148: TTTCTCCTGCTTGCGAAGAATTTGTTAGAAGAGTCTTCCTTTACG | J148: B1_P1 (gasp1)_6 | K148: B1_P2 (gasp1)_6 | L148: GGAGTTTAGGCATTTGTTGGAGCAC | M148: TTTCTCCTGCTTGCGAAGAATTTGT | N148: =LEN(L148) -> 25 | O148: =LEN(M148) -> 25 | P148: =IF(N148=0,"",(N148-LEN(SUBSTITUTE(SUBSTITUTE(L148,"G",""),"C","")))/N148) -> 0.48 | Q148: =IF(O148=0,"",(O148-LEN(SUBSTITUTE(SUBSTITUTE(M148,"G",""),"C","")))/O148) -> 0.4 | R148: T035 | S148: Both halves | T148: 426 | U148: template position | V148: Master (Jul 2024); B1 file | X148: Both halves
A149: S023-01 | B149: S023 | C149: GFP | D149: B1 | E149: 1 | F149: GFP_B1_P1_01 | G149: GAGGAGGGCAGCAAACGGAACACGCTGAACTTGTGGCCGTTTAC | H149: GFP_B1_P2_01 | I149: GGTGGCATCGCCCTCGCCCTCGCCGTAGAAGAGTCTTCCTTTACG | J149: gfp1_HCR_P1B1 | K149: gfp1_HCR_P2B1 | L149: CACGCTGAACTTGTGGCCGTTTAC | M149: GGTGGCATCGCCCTCGCCCTCGCCG | N149: =LEN(L149) -> 24 | O149: =LEN(M149) -> 25 | P149: =IF(N149=0,"",(N149-LEN(SUBSTITUTE(SUBSTITUTE(L149,"G",""),"C","")))/N149) -> 0.54166667 | Q149: =IF(O149=0,"",(O149-LEN(SUBSTITUTE(SUBSTITUTE(M149,"G",""),"C","")))/O149) -> 0.8 | R149: T023 | S149: Both halves | T149: 67 | U149: probe name | V149: Master (Jul 2024); B1 file | Y149: P1 arm 24 nt
A150: S023-02 | B150: S023 | C150: GFP | D150: B1 | E150: 2 | F150: GFP_B1_P1_02 | G150: GAGGAGGGCAGCAAACGGAAGTGCAGATGAACTTCAGGGTCAGCT | H150: GFP_B1_P2_02 | I150: GGCCAGGGCACGGGCAGCTTGCCGGTAGAAGAGTCTTCCTTTACG | J150: gfp2_HCR_P1B1 | K150: gfp2_HCR_P2B1 | L150: GTGCAGATGAACTTCAGGGTCAGCT | M150: GGCCAGGGCACGGGCAGCTTGCCGG | N150: =LEN(L150) -> 25 | O150: =LEN(M150) -> 25 | P150: =IF(N150=0,"",(N150-LEN(SUBSTITUTE(SUBSTITUTE(L150,"G",""),"C","")))/N150) -> 0.52 | Q150: =IF(O150=0,"",(O150-LEN(SUBSTITUTE(SUBSTITUTE(M150,"G",""),"C","")))/O150) -> 0.8 | R150: T023 | S150: Both halves | T150: 125 | U150: template position | V150: Master (Jul 2024); B1 file
A151: S023-03 | B151: S023 | C151: GFP | D151: B1 | E151: 3 | F151: GFP_B1_P1_03 | G151: GAGGAGGGCAGCAAACGGAAGGCATGGCGGACTTGAAGAAGTCGT | H151: GFP_B1_P2_03 | I151: ATGGTGCGCTCCTGGACGTAGCCTTTAGAAGAGTCTTCCTTTACG | J151: gfp3_HCR_P1B1 | K151: gfp3_HCR_P2B1 | L151: GGCATGGCGGACTTGAAGAAGTCGT | M151: ATGGTGCGCTCCTGGACGTAGCCTT | N151: =LEN(L151) -> 25 | O151: =LEN(M151) -> 25 | P151: =IF(N151=0,"",(N151-LEN(SUBSTITUTE(SUBSTITUTE(L151,"G",""),"C","")))/N151) -> 0.56 | Q151: =IF(O151=0,"",(O151-LEN(SUBSTITUTE(SUBSTITUTE(M151,"G",""),"C","")))/O151) -> 0.6 | R151: T023 | S151: Both halves | T151: 245 | U151: template position | V151: Master (Jul 2024); B1 file
A152: S023-04 | B152: S023 | C152: GFP | D152: B1 | E152: 4 | F152: GFP_B1_P1_04 | G152: GAGGAGGGCAGCAAACGGAACGGGTCTTGTAGTTGCCGTCGTCCT | H152: GFP_B1_P2_04 | I152: GTGTCGCCCTCGAACTTCACCTCGGTAGAAGAGTCTTCCTTTACG | J152: gfp4_HCR_P1B1 | K152: gfp4_HCR_P2B1 | L152: CGGGTCTTGTAGTTGCCGTCGTCCT | M152: GTGTCGCCCTCGAACTTCACCTCGG | N152: =LEN(L152) -> 25 | O152: =LEN(M152) -> 25 | P152: =IF(N152=0,"",(N152-LEN(SUBSTITUTE(SUBSTITUTE(L152,"G",""),"C","")))/N152) -> 0.6 | Q152: =IF(O152=0,"",(O152-LEN(SUBSTITUTE(SUBSTITUTE(M152,"G",""),"C","")))/O152) -> 0.64 | R152: T023 | S152: Both halves | T152: 305 | U152: template position | V152: Master (Jul 2024); B1 file
A153: S023-05 | B153: S023 | C153: GFP | D153: B1 | E153: 5 | F153: GFP_B1_P1_05 | G153: GAGGAGGGCAGCAAACGGAATTGTGGCTGTTGTAGTTGTACTCCA | H153: GFP_B1_P2_05 | I153: TTCTGCTTGTCGGCCATGATATAGATAGAAGAGTCTTCCTTTACG | J153: gfp5_HCR_P1B1 | K153: gfp5_HCR_P2B1 | L153: TTGTGGCTGTTGTAGTTGTACTCCA | M153: TTCTGCTTGTCGGCCATGATATAGA | N153: =LEN(L153) -> 25 | O153: =LEN(M153) -> 25 | P153: =IF(N153=0,"",(N153-LEN(SUBSTITUTE(SUBSTITUTE(L153,"G",""),"C","")))/N153) -> 0.44 | Q153: =IF(O153=0,"",(O153-LEN(SUBSTITUTE(SUBSTITUTE(M153,"G",""),"C","")))/O153) -> 0.44 | R153: T023 | S153: Both halves | T153: 425 | U153: template position | V153: Master (Jul 2024); B1 file
A154: S023-06 | B154: S023 | C154: GFP | D154: B1 | E154: 6 | F154: GFP_B1_P1_06 | G154: GAGGAGGGCAGCAAACGGAAGTGGCGGATCTTGAAGTTCACCTTG | H154: GFP_B1_P2_06 | I154: GAGCTGCACGCTGCCGTCCTCGATGTAGAAGAGTCTTCCTTTACG | J154: gfp6_HCR_P1B1 | K154: gfp6_HCR_P2B1 | L154: GTGGCGGATCTTGAAGTTCACCTTG | M154: GAGCTGCACGCTGCCGTCCTCGATG | N154: =LEN(L154) -> 25 | O154: =LEN(M154) -> 25 | P154: =IF(N154=0,"",(N154-LEN(SUBSTITUTE(SUBSTITUTE(L154,"G",""),"C","")))/N154) -> 0.52 | Q154: =IF(O154=0,"",(O154-LEN(SUBSTITUTE(SUBSTITUTE(M154,"G",""),"C","")))/O154) -> 0.68 | R154: T023 | S154: Both halves | T154: 486 | U154: template position | V154: Master (Jul 2024); B1 file
A155: S023-07 | B155: S023 | C155: GFP | D155: B1 | E155: 7 | F155: GFP_B1_P1_07 | G155: GAGGAGGGCAGCAAACGGAATTTGCTCAGGGCGGACTGGGTGCTC | H155: GFP_B1_P2_07 | I155: CATGTGATCGCGCTTCTCGTTGGGGTAGAAGAGTCTTCCTTTACG | J155: gfp7_HCR_P1B1 | K155: gfp7_HCR_P2B1 | L155: TTTGCTCAGGGCGGACTGGGTGCTC | M155: CATGTGATCGCGCTTCTCGTTGGGG | N155: =LEN(L155) -> 25 | O155: =LEN(M155) -> 25 | P155: =IF(N155=0,"",(N155-LEN(SUBSTITUTE(SUBSTITUTE(L155,"G",""),"C","")))/N155) -> 0.64 | Q155: =IF(O155=0,"",(O155-LEN(SUBSTITUTE(SUBSTITUTE(M155,"G",""),"C","")))/O155) -> 0.6 | R155: T023 | S155: Both halves | T155: 606 | U155: template position | V155: Master (Jul 2024); B1 file
A156: S023-08 | B156: S023 | C156: GFP | D156: B1 | E156: 8 | F156: GFP_B1_P1_08 | G156: GAGGAGGGCAGCAAACGGAAGATCCCGGCGGCGGTCACGAACTCC | H156: GFP_B1_P2_08 | I156: CTTGTACAGCTCGTCCATGCCGAGATAGAAGAGTCTTCCTTTACG | J156: gfp8_HCR_P1B1 | K156: gfp8_HCR_P2B1 | L156: GATCCCGGCGGCGGTCACGAACTCC | M156: CTTGTACAGCTCGTCCATGCCGAGA | N156: =LEN(L156) -> 25 | O156: =LEN(M156) -> 25 | P156: =IF(N156=0,"",(N156-LEN(SUBSTITUTE(SUBSTITUTE(L156,"G",""),"C","")))/N156) -> 0.72 | Q156: =IF(O156=0,"",(O156-LEN(SUBSTITUTE(SUBSTITUTE(M156,"G",""),"C","")))/O156) -> 0.56 | R156: T023 | S156: Both halves | T156: 666 | U156: template position | V156: Master (Jul 2024); B1 file
A157: S024-01 | B157: S024 | C157: groucho-like | D157: B1 | E157: 1 | F157: groucho-like_B1_P1_01 | G157: GAGGAGGGCAGCAAACGGAAAGCCGGATGCCGCGTCGGAGTTGGA | H157: groucho-like_B1_P2_01 | I157: TGAAGGCTGGGGACCCCTCACTGCCTAGAAGAGTCTTCCTTTACG | J157: B1_P1 (groucho-like)_1 | K157: B1_P2 (groucho-like)_1 | L157: AGCCGGATGCCGCGTCGGAGTTGGA | M157: TGAAGGCTGGGGACCCCTCACTGCC | N157: =LEN(L157) -> 25 | O157: =LEN(M157) -> 25 | P157: =IF(N157=0,"",(N157-LEN(SUBSTITUTE(SUBSTITUTE(L157,"G",""),"C","")))/N157) -> 0.68 | Q157: =IF(O157=0,"",(O157-LEN(SUBSTITUTE(SUBSTITUTE(M157,"G",""),"C","")))/O157) -> 0.68 | R157: T074 | S157: Both halves | T157: 6 | U157: template position | V157: Master (Jul 2024); B1 file | X157: Both halves
A158: S024-02 | B158: S024 | C158: groucho-like | D158: B1 | E158: 2 | F158: groucho-like_B1_P1_02 | G158: GAGGAGGGCAGCAAACGGAATTCTCTCTAAATTGTCAGCTACAGT | H158: groucho-like_B1_P2_02 | I158: CTTGTAAAAAATTAAATTCCTCTTTTAGAAGAGTCTTCCTTTACG | J158: B1_P1 (groucho-like)_2 | K158: B1_P2 (groucho-like)_2 | L158: TTCTCTCTAAATTGTCAGCTACAGT | M158: CTTGTAAAAAATTAAATTCCTCTTT | N158: =LEN(L158) -> 25 | O158: =LEN(M158) -> 25 | P158: =IF(N158=0,"",(N158-LEN(SUBSTITUTE(SUBSTITUTE(L158,"G",""),"C","")))/N158) -> 0.36 | Q158: =IF(O158=0,"",(O158-LEN(SUBSTITUTE(SUBSTITUTE(M158,"G",""),"C","")))/O158) -> 0.2 | R158: T074 | S158: Both halves | T158: 76 | U158: template position | V158: Master (Jul 2024); B1 file | X158: Both halves
A159: S024-03 | B159: S024 | C159: groucho-like | D159: B1 | E159: 3 | F159: groucho-like_B1_P1_03 | G159: GAGGAGGGCAGCAAACGGAACTGGCTAACTTTTCACACTCTAATT | H159: groucho-like_B1_P2_03 | I159: TAGTGTCTTTGCATTTCTGTTTTCTTAGAAGAGTCTTCCTTTACG | J159: B1_P1 (groucho-like)_3 | K159: B1_P2 (groucho-like)_3 | L159: CTGGCTAACTTTTCACACTCTAATT | M159: TAGTGTCTTTGCATTTCTGTTTTCT | N159: =LEN(L159) -> 25 | O159: =LEN(M159) -> 25 | P159: =IF(N159=0,"",(N159-LEN(SUBSTITUTE(SUBSTITUTE(L159,"G",""),"C","")))/N159) -> 0.36 | Q159: =IF(O159=0,"",(O159-LEN(SUBSTITUTE(SUBSTITUTE(M159,"G",""),"C","")))/O159) -> 0.32 | R159: T074 | S159: Both halves | T159: 146 | U159: template position | V159: Master (Jul 2024); B1 file | X159: Both halves
A160: S025-01 | B160: S025 | C160: hsp67B1 | D160: B1 | E160: 1 | F160: hsp67B1_B1_P1_01 | G160: GAGGAGGGCAGCAAACGGAAGTTTACGATGACACGGAATTTGTCT | H160: hsp67B1_B1_P2_01 | I160: CAGATCTTTCTTCTTGTAATCCTTATAGAAGAGTCTTCCTTTACG | J160: B1_P1 (hsp67B1)_1 | K160: B1_P2 (hsp67B1)_1 | L160: GTTTACGATGACACGGAATTTGTCT | M160: CAGATCTTTCTTCTTGTAATCCTTA | N160: =LEN(L160) -> 25 | O160: =LEN(M160) -> 25 | P160: =IF(N160=0,"",(N160-LEN(SUBSTITUTE(SUBSTITUTE(L160,"G",""),"C","")))/N160) -> 0.4 | Q160: =IF(O160=0,"",(O160-LEN(SUBSTITUTE(SUBSTITUTE(M160,"G",""),"C","")))/O160) -> 0.32 | R160: T036 | S160: Both halves | T160: 216 | U160: template position | V160: Master (Jul 2024); B1 file | X160: Both halves
A161: S025-02 | B161: S025 | C161: hsp67B1 | D161: B1 | E161: 2 | F161: hsp67B1_B1_P1_02 | G161: GAGGAGGGCAGCAAACGGAAGCGCTCCTTGGACGAGGATGTAATC | H161: hsp67B1_B1_P2_02 | I161: AGTCGTGGTCGTCATGCTTAGCCTCTAGAAGAGTCTTCCTTTACG | J161: B1_P1 (hsp67B1)_2 | K161: B1_P2 (hsp67B1)_2 | L161: GCGCTCCTTGGACGAGGATGTAATC | M161: AGTCGTGGTCGTCATGCTTAGCCTC | N161: =LEN(L161) -> 25 | O161: =LEN(M161) -> 25 | P161: =IF(N161=0,"",(N161-LEN(SUBSTITUTE(SUBSTITUTE(L161,"G",""),"C","")))/N161) -> 0.56 | Q161: =IF(O161=0,"",(O161-LEN(SUBSTITUTE(SUBSTITUTE(M161,"G",""),"C","")))/O161) -> 0.56 | R161: T036 | S161: Both halves | T161: 286 | U161: template position | V161: Master (Jul 2024); B1 file | X161: Both halves
A162: S025-03 | B162: S025 | C162: hsp67B1 | D162: B1 | E162: 3 | F162: hsp67B1_B1_P1_03 | G162: GAGGAGGGCAGCAAACGGAATTCAACGGAAGGCTGTACGTATGGA | H162: hsp67B1_B1_P2_03 | I162: GTAGCAGTGACATCTGATGCACTAGTAGAAGAGTCTTCCTTTACG | J162: B1_P1 (hsp67B1)_3 | K162: B1_P2 (hsp67B1)_3 | L162: TTCAACGGAAGGCTGTACGTATGGA | M162: GTAGCAGTGACATCTGATGCACTAG | N162: =LEN(L162) -> 25 | O162: =LEN(M162) -> 25 | P162: =IF(N162=0,"",(N162-LEN(SUBSTITUTE(SUBSTITUTE(L162,"G",""),"C","")))/N162) -> 0.48 | Q162: =IF(O162=0,"",(O162-LEN(SUBSTITUTE(SUBSTITUTE(M162,"G",""),"C","")))/O162) -> 0.48 | R162: T036 | S162: Both halves | T162: 356 | U162: template position | V162: Master (Jul 2024); B1 file | X162: Both halves
A163: S025-04 | B163: S025 | C163: hsp67B1 | D163: B1 | E163: 4 | F163: hsp67B1_B1_P1_04 | G163: GAGGAGGGCAGCAAACGGAAATTCACAGGAGCGGTTACATCCAAA | H163: hsp67B1_B1_P2_04 | I163: AACAACCTTGTTCTTGTCATCGACATAGAAGAGTCTTCCTTTACG | J163: B1_P1 (hsp67B1)_4 | K163: B1_P2 (hsp67B1)_4 | L163: ATTCACAGGAGCGGTTACATCCAAA | M163: AACAACCTTGTTCTTGTCATCGACA | N163: =LEN(L163) -> 25 | O163: =LEN(M163) -> 25 | P163: =IF(N163=0,"",(N163-LEN(SUBSTITUTE(SUBSTITUTE(L163,"G",""),"C","")))/N163) -> 0.44 | Q163: =IF(O163=0,"",(O163-LEN(SUBSTITUTE(SUBSTITUTE(M163,"G",""),"C","")))/O163) -> 0.4 | R163: T036 | S163: Both halves | T163: 426 | U163: template position | V163: Master (Jul 2024); B1 file | X163: Both halves
A164: S025-05 | B164: S025 | C164: hsp67B1 | D164: B1 | E164: 5 | F164: hsp67B1_B1_P1_05 | G164: GAGGAGGGCAGCAAACGGAACTTTCAACGGCTTGCCACTTTCAAC | H164: hsp67B1_B1_P2_05 | I164: CAACAGGTTCTCTATCTTCTTTATCTAGAAGAGTCTTCCTTTACG | J164: B1_P1 (hsp67B1)_5 | K164: B1_P2 (hsp67B1)_5 | L164: CTTTCAACGGCTTGCCACTTTCAAC | M164: CAACAGGTTCTCTATCTTCTTTATC | N164: =LEN(L164) -> 25 | O164: =LEN(M164) -> 25 | P164: =IF(N164=0,"",(N164-LEN(SUBSTITUTE(SUBSTITUTE(L164,"G",""),"C","")))/N164) -> 0.48 | Q164: =IF(O164=0,"",(O164-LEN(SUBSTITUTE(SUBSTITUTE(M164,"G",""),"C","")))/O164) -> 0.36 | R164: T036 | S164: Both halves | T164: 496 | U164: template position | V164: Master (Jul 2024); B1 file | X164: Both halves
A165: S025-06 | B165: S025 | C165: hsp67B1 | D165: B1 | E165: 6 | F165: hsp67B1_B1_P1_06 | G165: GAGGAGGGCAGCAAACGGAAGTCTTATCAACAGTTTCAACTGGGT | H165: hsp67B1_B1_P2_06 | I165: AAAGTTTCGATTTTATCAACATTTTTAGAAGAGTCTTCCTTTACG | J165: B1_P1 (hsp67B1)_6 | K165: B1_P2 (hsp67B1)_6 | L165: GTCTTATCAACAGTTTCAACTGGGT | M165: AAAGTTTCGATTTTATCAACATTTT | N165: =LEN(L165) -> 25 | O165: =LEN(M165) -> 25 | P165: =IF(N165=0,"",(N165-LEN(SUBSTITUTE(SUBSTITUTE(L165,"G",""),"C","")))/N165) -> 0.4 | Q165: =IF(O165=0,"",(O165-LEN(SUBSTITUTE(SUBSTITUTE(M165,"G",""),"C","")))/O165) -> 0.2 | R165: T036 | S165: Both halves | T165: 566 | U165: template position | V165: Master (Jul 2024); B1 file | X165: Both halves
A166: S026-01 | B166: S026 | C166: hth | D166: B1 | E166: 1 | F166: hth_B1_P1_01 | G166: GAGGAGGGCAGCAAACGGAAGCGACCCGCACCATTTGCCCATGGC | H166: hth_B1_P2_01 | I166: CGTCGGGAGGGGATGACCATTCCCGTAGAAGAGTCTTCCTTTACG | J166: Htha_HCR_P1B1 | K166: Htha_HCR_P2B1 | L166: GCGACCCGCACCATTTGCCCATGGC | M166: CGTCGGGAGGGGATGACCATTCCCG | N166: =LEN(L166) -> 25 | O166: =LEN(M166) -> 25 | P166: =IF(N166=0,"",(N166-LEN(SUBSTITUTE(SUBSTITUTE(L166,"G",""),"C","")))/N166) -> 0.68 | Q166: =IF(O166=0,"",(O166-LEN(SUBSTITUTE(SUBSTITUTE(M166,"G",""),"C","")))/O166) -> 0.68 | R166: T019 | S166: Both halves | T166: 732 | U166: template position | V166: Master (Jul 2024); B1 file | X166: Both halves
A167: S026-02 | B167: S026 | C167: hth | D167: B1 | E167: 2 | F167: hth_B1_P1_02 | G167: GAGGAGGGCAGCAAACGGAATTCCTCCCCCGTACCCTCGCCGGAG | H167: hth_B1_P2_02 | I167: GTTCTTCTTTCCGTTCGTGTCGTCGTAGAAGAGTCTTCCTTTACG | J167: Hthb_HCR_P1B1 | K167: Hthb_HCR_P2B1 | L167: TTCCTCCCCCGTACCCTCGCCGGAG | M167: GTTCTTCTTTCCGTTCGTGTCGTCG | N167: =LEN(L167) -> 25 | O167: =LEN(M167) -> 25 | P167: =IF(N167=0,"",(N167-LEN(SUBSTITUTE(SUBSTITUTE(L167,"G",""),"C","")))/N167) -> 0.72 | Q167: =IF(O167=0,"",(O167-LEN(SUBSTITUTE(SUBSTITUTE(M167,"G",""),"C","")))/O167) -> 0.52 | R167: T019 | S167: Both halves | T167: 863 | U167: template position | V167: Master (Jul 2024); B1 file | X167: Both halves
A168: S026-03 | B168: S026 | C168: hth | D168: B1 | E168: 3 | F168: hth_B1_P1_03 | G168: GAGGAGGGCAGCAAACGGAACTGTTTCTTCTGGTCTTCCGAAGGG | H168: hth_B1_P2_03 | I168: TATCGTTAACCCTGTGTCTTGTGCCTAGAAGAGTCTTCCTTTACG | J168: Hthc_HCR_P1B1 | K168: Hthc_HCR_P2B1 | L168: CTGTTTCTTCTGGTCTTCCGAAGGG | M168: TATCGTTAACCCTGTGTCTTGTGCC | N168: =LEN(L168) -> 25 | O168: =LEN(M168) -> 25 | P168: =IF(N168=0,"",(N168-LEN(SUBSTITUTE(SUBSTITUTE(L168,"G",""),"C","")))/N168) -> 0.52 | Q168: =IF(O168=0,"",(O168-LEN(SUBSTITUTE(SUBSTITUTE(M168,"G",""),"C","")))/O168) -> 0.48 | R168: T019 | S168: Both halves | T168: 995 | U168: template position | V168: Master (Jul 2024); B1 file | X168: Both halves
A169: S026-04 | B169: S026 | C169: hth | D169: B1 | E169: 4 | F169: hth_B1_P1_04 | G169: GAGGAGGGCAGCAAACGGAAACTGCGGGGTAGAACACTGCACGGT | H169: hth_B1_P2_04 | I169: GCGCCGCTGGGGCCCGCGTGCGGGATAGAAGAGTCTTCCTTTACG | J169: hth3_HCR_P1B1 | K169: hth3_HCR_P2B1 | L169: ACTGCGGGGTAGAACACTGCACGGT | M169: GCGCCGCTGGGGCCCGCGTGCGGGA | N169: =LEN(L169) -> 25 | O169: =LEN(M169) -> 25 | P169: =IF(N169=0,"",(N169-LEN(SUBSTITUTE(SUBSTITUTE(L169,"G",""),"C","")))/N169) -> 0.6 | Q169: =IF(O169=0,"",(O169-LEN(SUBSTITUTE(SUBSTITUTE(M169,"G",""),"C","")))/O169) -> 0.88 | R169: T019 | S169: P2 only | T169: 1114 | U169: probe name | V169: Master (Jul 2024); B1 file | X169: P2 only | Y169: template match: P2 only
A170: S026-05 | B170: S026 | C170: hth | D170: B1 | E170: 5 | F170: hth_B1_P1_05 | G170: GAGGAGGGCAGCAAACGGAAGTCCATCATGTAGCCCATGGTGGCC | H170: hth_B1_P2_05 | I170: CGGCGGCCTGTGCATCATCTGCTGGTAGAAGAGTCTTCCTTTACG | J170: hth4_HCR_P1B1 | K170: hth4_HCR_P2B1 | L170: GTCCATCATGTAGCCCATGGTGGCC | M170: CGGCGGCCTGTGCATCATCTGCTGG | N170: =LEN(L170) -> 25 | O170: =LEN(M170) -> 25 | P170: =IF(N170=0,"",(N170-LEN(SUBSTITUTE(SUBSTITUTE(L170,"G",""),"C","")))/N170) -> 0.6 | Q170: =IF(O170=0,"",(O170-LEN(SUBSTITUTE(SUBSTITUTE(M170,"G",""),"C","")))/O170) -> 0.68 | R170: T019 | S170: Both halves | T170: 1178 | U170: template position | V170: Master (Jul 2024); B1 file | X170: Both halves
A171: S026-06 | B171: S026 | C171: hth | D171: B1 | E171: 6 | F171: hth_B1_P1_06 | G171: GAGGAGGGCAGCAAACGGAATAGTGCGCGTAGCCCTGGTGGAAGG | H171: hth_B1_P2_06 | I171: AGATGGTGTCCGTAGTACTCGGCGGTAGAAGAGTCTTCCTTTACG | J171: hth5_HCR_P1B1 | K171: hth5_HCR_P2B1 | L171: TAGTGCGCGTAGCCCTGGTGGAAGG | M171: AGATGGTGTCCGTAGTACTCGGCGG | N171: =LEN(L171) -> 25 | O171: =LEN(M171) -> 25 | P171: =IF(N171=0,"",(N171-LEN(SUBSTITUTE(SUBSTITUTE(L171,"G",""),"C","")))/N171) -> 0.64 | Q171: =IF(O171=0,"",(O171-LEN(SUBSTITUTE(SUBSTITUTE(M171,"G",""),"C","")))/O171) -> 0.6 | R171: T019 | S171: Both halves | T171: 1240 | U171: template position | V171: Master (Jul 2024); B1 file | X171: Both halves
A172: S027-01 | B172: S027 | C172: inv | D172: B1 | E172: 1 | F172: inv_B1_P1_01 | G172: GAGGAGGGCAGCAAACGGAACGAGTAGGGGTCGTGCTCTTCGTCA | H172: inv_B1_P2_01 | I172: TGGTGTGATGGTGTCTCTAGTGTTGTAGAAGAGTCTTCCTTTACG | J172: inv1_HCR_P1B1 | K172: inv1_HCR_P2B1 | L172: CGAGTAGGGGTCGTGCTCTTCGTCA | M172: TGGTGTGATGGTGTCTCTAGTGTTG | N172: =LEN(L172) -> 25 | O172: =LEN(M172) -> 25 | P172: =IF(N172=0,"",(N172-LEN(SUBSTITUTE(SUBSTITUTE(L172,"G",""),"C","")))/N172) -> 0.6 | Q172: =IF(O172=0,"",(O172-LEN(SUBSTITUTE(SUBSTITUTE(M172,"G",""),"C","")))/O172) -> 0.48 | R172: T011 | S172: Both halves | T172: 10 | U172: template position | V172: Master (Jul 2024); B1 file | X172: Both halves
A173: S027-02 | B173: S027 | C173: inv | D173: B1 | E173: 2 | F173: inv_B1_P1_02 | G173: GAGGAGGGCAGCAAACGGAATGTATAGGCCTGTCTTGTTTGTCTT | H173: inv_B1_P2_02 | I173: ACATTGTGTATGGAGAAAGAGGATGTAGAAGAGTCTTCCTTTACG | J173: inv2_HCR_P1B1 | K173: inv2_HCR_P2B1 | L173: TGTATAGGCCTGTCTTGTTTGTCTT | M173: ACATTGTGTATGGAGAAAGAGGATG | N173: =LEN(L173) -> 25 | O173: =LEN(M173) -> 25 | P173: =IF(N173=0,"",(N173-LEN(SUBSTITUTE(SUBSTITUTE(L173,"G",""),"C","")))/N173) -> 0.4 | Q173: =IF(O173=0,"",(O173-LEN(SUBSTITUTE(SUBSTITUTE(M173,"G",""),"C","")))/O173) -> 0.4 | R173: T011 | S173: Both halves | T173: 75 | U173: template position | V173: Master (Jul 2024); B1 file | X173: None
A174: S027-03 | B174: S027 | C174: inv | D174: B1 | E174: 3 | F174: inv_B1_P1_03 | G174: GAGGAGGGCAGCAAACGGAAGACGTTCTCAGGACTATTACTGTCT | H174: inv_B1_P2_03 | I174: ACTTTGCAACAACTTTTCAGTTGAGTAGAAGAGTCTTCCTTTACG | J174: inv3_HCR_P1B1 | K174: inv3_HCR_P2B1 | L174: GACGTTCTCAGGACTATTACTGTCT | M174: ACTTTGCAACAACTTTTCAGTTGAG | N174: =LEN(L174) -> 25 | O174: =LEN(M174) -> 25 | P174: =IF(N174=0,"",(N174-LEN(SUBSTITUTE(SUBSTITUTE(L174,"G",""),"C","")))/N174) -> 0.44 | Q174: =IF(O174=0,"",(O174-LEN(SUBSTITUTE(SUBSTITUTE(M174,"G",""),"C","")))/O174) -> 0.36 | R174: T011 | S174: Both halves | T174: 142 | U174: template position | V174: Master (Jul 2024); B1 file | X174: Both halves
A175: S027-04 | B175: S027 | C175: inv | D175: B1 | E175: 4 | F175: inv_B1_P1_04 | G175: GAGGAGGGCAGCAAACGGAAAACGCTTTCAGAGTTCCTAGAATCT | H175: inv_B1_P2_04 | I175: ATTGTGATCATCTTCAAGTCTCGGATAGAAGAGTCTTCCTTTACG | J175: inv4_HCR_P1B1 | K175: inv4_HCR_P2B1 | L175: AACGCTTTCAGAGTTCCTAGAATCT | M175: ATTGTGATCATCTTCAAGTCTCGGA | N175: =LEN(L175) -> 25 | O175: =LEN(M175) -> 25 | P175: =IF(N175=0,"",(N175-LEN(SUBSTITUTE(SUBSTITUTE(L175,"G",""),"C","")))/N175) -> 0.4 | Q175: =IF(O175=0,"",(O175-LEN(SUBSTITUTE(SUBSTITUTE(M175,"G",""),"C","")))/O175) -> 0.4 | R175: T011 | S175: Both halves | T175: 208 | U175: template position | V175: Master (Jul 2024); B1 file | X175: Both halves
A176: S027-05 | B176: S027 | C176: inv | D176: B1 | E176: 5 | F176: inv_B1_P1_05 | G176: GAGGAGGGCAGCAAACGGAAACAACAAGAGTTGTCATCAACACTT | H176: inv_B1_P2_05 | I176: GCCAACAGATAGCACAGTATCATCATAGAAGAGTCTTCCTTTACG | J176: inv5_HCR_P1B1 | K176: inv5_HCR_P2B1 | L176: ACAACAAGAGTTGTCATCAACACTT | M176: GCCAACAGATAGCACAGTATCATCA | N176: =LEN(L176) -> 25 | O176: =LEN(M176) -> 25 | P176: =IF(N176=0,"",(N176-LEN(SUBSTITUTE(SUBSTITUTE(L176,"G",""),"C","")))/N176) -> 0.36 | Q176: =IF(O176=0,"",(O176-LEN(SUBSTITUTE(SUBSTITUTE(M176,"G",""),"C","")))/O176) -> 0.44 | R176: T011 | S176: Both halves | T176: 274 | U176: template position | V176: Master (Jul 2024); B1 file | X176: Both halves
A177: S027-06 | B177: S027 | C177: inv | D177: B1 | E177: 6 | F177: inv_B1_P1_06 | G177: GAGGAGGGCAGCAAACGGAAATCTTTGTCGTTTGGGTAATTGGTT | H177: inv_B1_P2_06 | I177: TTTGAAGGAGGTTAAGCCTTGGTTCTAGAAGAGTCTTCCTTTACG | J177: inv6_HCR_P1B1 | K177: inv6_HCR_P2B1 | L177: ATCTTTGTCGTTTGGGTAATTGGTT | M177: TTTGAAGGAGGTTAAGCCTTGGTTC | N177: =LEN(L177) -> 25 | O177: =LEN(M177) -> 25 | P177: =IF(N177=0,"",(N177-LEN(SUBSTITUTE(SUBSTITUTE(L177,"G",""),"C","")))/N177) -> 0.36 | Q177: =IF(O177=0,"",(O177-LEN(SUBSTITUTE(SUBSTITUTE(M177,"G",""),"C","")))/O177) -> 0.44 | R177: T011 | S177: Both halves | T177: 340 | U177: template position | V177: Master (Jul 2024); B1 file | X177: Both halves
A178: S027-07 | B178: S027 | C178: inv | D178: B1 | E178: 7 | F178: inv_B1_P1_07 | G178: GAGGAGGGCAGCAAACGGAATGACTTAACTGTGATATTGCGTTCA | H178: inv_B1_P2_07 | I178: AGGATTGGTTGGTTTATGTTTAAATTAGAAGAGTCTTCCTTTACG | J178: inv7_HCR_P1B1 | K178: inv7_HCR_P2B1 | L178: TGACTTAACTGTGATATTGCGTTCA | M178: AGGATTGGTTGGTTTATGTTTAAAT | N178: =LEN(L178) -> 25 | O178: =LEN(M178) -> 25 | P178: =IF(N178=0,"",(N178-LEN(SUBSTITUTE(SUBSTITUTE(L178,"G",""),"C","")))/N178) -> 0.36 | Q178: =IF(O178=0,"",(O178-LEN(SUBSTITUTE(SUBSTITUTE(M178,"G",""),"C","")))/O178) -> 0.28 | R178: T011 | S178: Both halves | T178: 408 | U178: template position | V178: Master (Jul 2024); B1 file | X178: Both halves
A179: S027-08 | B179: S027 | C179: inv | D179: B1 | E179: 8 | F179: inv_B1_P1_08 | G179: GAGGAGGGCAGCAAACGGAAGGAACATTAACGGGTTTGGTGTTAT | H179: inv_B1_P2_08 | I179: GGTTTTGGAATAACAACGGTTGGTTTAGAAGAGTCTTCCTTTACG | J179: inv8_HCR_P1B1 | K179: inv8_HCR_P2B1 | L179: GGAACATTAACGGGTTTGGTGTTAT | M179: GGTTTTGGAATAACAACGGTTGGTT | N179: =LEN(L179) -> 25 | O179: =LEN(M179) -> 25 | P179: =IF(N179=0,"",(N179-LEN(SUBSTITUTE(SUBSTITUTE(L179,"G",""),"C","")))/N179) -> 0.4 | Q179: =IF(O179=0,"",(O179-LEN(SUBSTITUTE(SUBSTITUTE(M179,"G",""),"C","")))/O179) -> 0.4 | R179: T011 | S179: Both halves | T179: 476 | U179: template position | V179: Master (Jul 2024); B1 file | X179: Both halves
A180: S027-09 | B180: S027 | C180: inv | D180: B1 | E180: 9 | F180: inv_B1_P1_09 | G180: GAGGAGGGCAGCAAACGGAACTCGGTAACCCTGATTTTAAATCCA | H180: inv_B1_P2_09 | I180: TTTAAATTGTTTTGCTGCAAGCCGATAGAAGAGTCTTCCTTTACG | J180: inv9_HCR_P1B1 | K180: inv9_HCR_P2B1 | L180: CTCGGTAACCCTGATTTTAAATCCA | M180: TTTAAATTGTTTTGCTGCAAGCCGA | N180: =LEN(L180) -> 25 | O180: =LEN(M180) -> 25 | P180: =IF(N180=0,"",(N180-LEN(SUBSTITUTE(SUBSTITUTE(L180,"G",""),"C","")))/N180) -> 0.4 | Q180: =IF(O180=0,"",(O180-LEN(SUBSTITUTE(SUBSTITUTE(M180,"G",""),"C","")))/O180) -> 0.36 | R180: T011 | S180: Both halves | T180: 543 | U180: template position | V180: Master (Jul 2024); B1 file | X180: P1 only
A181: S027-10 | B181: S027 | C181: inv | D181: B1 | E181: 10 | F181: inv_B1_P1_10 | G181: GAGGAGGGCAGCAAACGGAATTCATTTTTTCTCGCATAATTCATG | H181: inv_B1_P2_10 | I181: TGAATAACTCTGTCGTCTTTCGTTCTAGAAGAGTCTTCCTTTACG | J181: inv10_HCR_P1B1 | K181: inv10_HCR_P2B1 | L181: TTCATTTTTTCTCGCATAATTCATG | M181: TGAATAACTCTGTCGTCTTTCGTTC | N181: =LEN(L181) -> 25 | O181: =LEN(M181) -> 25 | P181: =IF(N181=0,"",(N181-LEN(SUBSTITUTE(SUBSTITUTE(L181,"G",""),"C","")))/N181) -> 0.28 | Q181: =IF(O181=0,"",(O181-LEN(SUBSTITUTE(SUBSTITUTE(M181,"G",""),"C","")))/O181) -> 0.4 | R181: T011 | S181: Both halves | T181: 610 | U181: template position | V181: Master (Jul 2024); B1 file | X181: P1 only
... A200: S031-02 | B200: S031 | C200: knirps | D200: B1 | E200: 2 | F200: knirps_B1_P1_02 | G200: GAGGAGGGCAGCAAACGGAAGGGTGTGACTTCACTGATGGATCCA | H200: knirps_B1_P2_02 | I200: ATCGAATAAATCTGCCATTAGTTTATAGAAGAGTCTTCCTTTACG | J200: Kni2_HCR_P1B1 | K200: Kni2_HCR_P2B1 | L200: GGGTGTGACTTCACTGATGGATCCA | M200: ATCGAATAAATCTGCCATTAGTTTA | N200: =LEN(L200) -> 25 | O200: =LEN(M200) -> 25 | P200: =IF(N200=0,"",(N200-LEN(SUBSTITUTE(SUBSTITUTE(L200,"G",""),"C","")))/N200) -> 0.52 | Q200: =IF(O200=0,"",(O200-LEN(SUBSTITUTE(SUBSTITUTE(M200,"G",""),"C","")))/O200) -> 0.28 | R200: T017 | S200: Both halves | T200: 141 | U200: template position | V200: Master (Jul 2024); B1 file | X200: None
A201: S031-03 | B201: S031 | C201: knirps | D201: B1 | E201: 3 | F201: knirps_B1_P1_03 | G201: GAGGAGGGCAGCAAACGGAAGAAGTCGGTAAACAGATGCCGACATC | H201: knirps_B1_P2_03 | I201: TATCTGCACAAAGCTGTCCACCTTGGTAGAAGAGTCTTCCTTTACG | J201: Kni3_HCR_P1B1 | K201: Kni3_HCR_P2B1 | L201: GAAGTCGGTAAACAGATGCCGACATC | M201: TATCTGCACAAAGCTGTCCACCTTGG | N201: =LEN(L201) -> 26 | O201: =LEN(M201) -> 26 | P201: =IF(N201=0,"",(N201-LEN(SUBSTITUTE(SUBSTITUTE(L201,"G",""),"C","")))/N201) -> 0.5 | Q201: =IF(O201=0,"",(O201-LEN(SUBSTITUTE(SUBSTITUTE(M201,"G",""),"C","")))/O201) -> 0.5 | R201: T017 | S201: Both halves | T201: 208 | U201: probe name | V201: Master (Jul 2024); B1 file | X201: None | Y201: P1 arm 26 nt; P2 arm 26 nt
A202: S031-04 | B202: S031 | C202: knirps | D202: B1 | E202: 4 | F202: knirps_B1_P1_04 | G202: GAGGAGGGCAGCAAACGGAATACATACAATGAGGTATGTCTGGCG | H202: knirps_B1_P2_04 | I202: TAACACTAGCACGAGCTGACAGATTTAGAAGAGTCTTCCTTTACG | J202: Kni4_HCR_P1B1 | K202: Kni4_HCR_P2B1 | L202: TACATACAATGAGGTATGTCTGGCG | M202: TAACACTAGCACGAGCTGACAGATT | N202: =LEN(L202) -> 25 | O202: =LEN(M202) -> 25 | P202: =IF(N202=0,"",(N202-LEN(SUBSTITUTE(SUBSTITUTE(L202,"G",""),"C","")))/N202) -> 0.44 | Q202: =IF(O202=0,"",(O202-LEN(SUBSTITUTE(SUBSTITUTE(M202,"G",""),"C","")))/O202) -> 0.44 | R202: T017 | S202: Both halves | T202: 276 | U202: template position | V202: Master (Jul 2024); B1 file | X202: None
A203: S031-05 | B203: S031 | C203: knirps | D203: B1 | E203: 5 | F203: knirps_B1_P1_05 | G203: GAGGAGGGCAGCAAACGGAATCCCCGTTGTTCTTGCACTCGGTGA | H203: knirps_B1_P2_05 | I203: GTGCGGTTCTTTTTGTTGATGACGCTAGAAGAGTCTTCCTTTACG | J203: Kni5_HCR_P1B1 | K203: Kni5_HCR_P2B1 | L203: TCCCCGTTGTTCTTGCACTCGGTGA | M203: GTGCGGTTCTTTTTGTTGATGACGC | N203: =LEN(L203) -> 25 | O203: =LEN(M203) -> 25 | P203: =IF(N203=0,"",(N203-LEN(SUBSTITUTE(SUBSTITUTE(L203,"G",""),"C","")))/N203) -> 0.56 | Q203: =IF(O203=0,"",(O203-LEN(SUBSTITUTE(SUBSTITUTE(M203,"G",""),"C","")))/O203) -> 0.48 | R203: T017 | S203: Both halves | T203: 410 | U203: template position | V203: Master (Jul 2024); B1 file | X203: Both halves
A204: S031-06 | B204: S031 | C204: knirps | D204: B1 | E204: 6 | F204: knirps_B1_P1_06 | G204: GAGGAGGGCAGCAAACGGAAACCATGAGGCATTTGCGCAGTCGAC | H204: knirps_B1_P2_06 | I204: TATCTGGAGCCGGATTTGGACATGCTAGAAGAGTCTTCCTTTACG | J204: Kni6_HCR_P1B1 | K204: Kni6_HCR_P2B1 | L204: ACCATGAGGCATTTGCGCAGTCGAC | M204: TATCTGGAGCCGGATTTGGACATGC | N204: =LEN(L204) -> 25 | O204: =LEN(M204) -> 25 | P204: =IF(N204=0,"",(N204-LEN(SUBSTITUTE(SUBSTITUTE(L204,"G",""),"C","")))/N204) -> 0.56 | Q204: =IF(O204=0,"",(O204-LEN(SUBSTITUTE(SUBSTITUTE(M204,"G",""),"C","")))/O204) -> 0.52 | R204: T017 | S204: Both halves | T204: 476 | U204: template position | V204: Master (Jul 2024); B1 file | X204: Both halves
A205: S031-07 | B205: S031 | C205: knirps | D205: B1 | E205: 7 | F205: knirps_B1_P1_07 | G205: GAGGAGGGCAGCAAACGGAACGCTAAGTGCGGCGACTGCGGTACT | H205: knirps_B1_P2_07 | I205: AGGGAAGAGGTGAGGTGGAAAAGGCTAGAAGAGTCTTCCTTTACG | J205: Kni7_HCR_P1B1 | K205: Kni7_HCR_P2B1 | L205: CGCTAAGTGCGGCGACTGCGGTACT | M205: AGGGAAGAGGTGAGGTGGAAAAGGC | N205: =LEN(L205) -> 25 | O205: =LEN(M205) -> 25 | P205: =IF(N205=0,"",(N205-LEN(SUBSTITUTE(SUBSTITUTE(L205,"G",""),"C","")))/N205) -> 0.64 | Q205: =IF(O205=0,"",(O205-LEN(SUBSTITUTE(SUBSTITUTE(M205,"G",""),"C","")))/O205) -> 0.56 | R205: T017 | S205: Both halves | T205: 609 | U205: template position | V205: Master (Jul 2024); B1 file | X205: Both halves
A206: S031-08 | B206: S031 | C206: knirps | D206: B1 | E206: 8 | F206: knirps_B1_P1_08 | G206: GAGGAGGGCAGCAAACGGAAAACAGAGCGAGTTCCTCTTTGGTTC | H206: knirps_B1_P2_08 | I206: CAGGGTGCTTTGTAATCGTCGAGGCTAGAAGAGTCTTCCTTTACG | J206: Kni8_HCR_P1B1 | K206: Kni8_HCR_P2B1 | L206: AACAGAGCGAGTTCCTCTTTGGTTC | M206: CAGGGTGCTTTGTAATCGTCGAGGC | N206: =LEN(L206) -> 25 | O206: =LEN(M206) -> 25 | P206: =IF(N206=0,"",(N206-LEN(SUBSTITUTE(SUBSTITUTE(L206,"G",""),"C","")))/N206) -> 0.48 | Q206: =IF(O206=0,"",(O206-LEN(SUBSTITUTE(SUBSTITUTE(M206,"G",""),"C","")))/O206) -> 0.56 | R206: T017 | S206: Both halves | T206: 677 | U206: template position | V206: Master (Jul 2024); B1 file | X206: Both halves
A207: S031-09 | B207: S031 | C207: knirps | D207: B1 | E207: 9 | F207: knirps_B1_P1_09 | G207: GAGGAGGGCAGCAAACGGAAAGTCTCTGGGTGGCGTCAGAGGGCG | H207: knirps_B1_P2_09 | I207: GCAAGGCTAAAGGTAAAGGGAGGAATAGAAGAGTCTTCCTTTACG | J207: Kni9_HCR_P1B1 | K207: Kni9_HCR_P2B1 | L207: AGTCTCTGGGTGGCGTCAGAGGGCG | M207: GCAAGGCTAAAGGTAAAGGGAGGAA | N207: =LEN(L207) -> 25 | O207: =LEN(M207) -> 25 | P207: =IF(N207=0,"",(N207-LEN(SUBSTITUTE(SUBSTITUTE(L207,"G",""),"C","")))/N207) -> 0.68 | Q207: =IF(O207=0,"",(O207-LEN(SUBSTITUTE(SUBSTITUTE(M207,"G",""),"C","")))/O207) -> 0.48 | R207: T017 | S207: Both halves | T207: 811 | U207: template position | V207: Master (Jul 2024); B1 file | X207: Both halves
A208: S031-10 | B208: S031 | C208: knirps | D208: B1 | E208: 10 | F208: knirps_B1_P1_10 | G208: GAGGAGGGCAGCAAACGGAATGAAGTGCTGCGGATGGAGAAACGG | H208: knirps_B1_P2_10 | I208: GGAGGTGGTGATTCGGCGGGAACGGTAGAAGAGTCTTCCTTTACG | J208: Kni10_HCR_P1B1 | K208: Kni10_HCR_P2B1 | L208: TGAAGTGCTGCGGATGGAGAAACGG | M208: GGAGGTGGTGATTCGGCGGGAACGG | N208: =LEN(L208) -> 25 | O208: =LEN(M208) -> 25 | P208: =IF(N208=0,"",(N208-LEN(SUBSTITUTE(SUBSTITUTE(L208,"G",""),"C","")))/N208) -> 0.56 | Q208: =IF(O208=0,"",(O208-LEN(SUBSTITUTE(SUBSTITUTE(M208,"G",""),"C","")))/O208) -> 0.68 | R208: T017 | S208: Both halves | T208: 880 | U208: template position | V208: Master (Jul 2024); B1 file | X208: Both halves
A209: S032-01 | B209: S032 | C209: lachesin | D209: B1 | E209: 1 | F209: lachesin_B1_P1_01 | G209: GAGGAGGGCAGCAAACGGAAAATGGGGACAGGAATTCCGGCTCGG | H209: lachesin_B1_P2_01 | I209: CGCCCCTGTGCGACGGTGATGTTCTTAGAAGAGTCTTCCTTTACG | J209: B1_P1 (lachesin)_1 | K209: B1_P2 (lachesin)_1 | L209: AATGGGGACAGGAATTCCGGCTCGG | M209: CGCCCCTGTGCGACGGTGATGTTCT | N209: =LEN(L209) -> 25 | O209: =LEN(M209) -> 25 | P209: =IF(N209=0,"",(N209-LEN(SUBSTITUTE(SUBSTITUTE(L209,"G",""),"C","")))/N209) -> 0.6 | Q209: =IF(O209=0,"",(O209-LEN(SUBSTITUTE(SUBSTITUTE(M209,"G",""),"C","")))/O209) -> 0.64 | R209: T043 | S209: Both halves | T209: 146 | U209: template position | V209: Master (Jul 2024); B1 file | X209: Both halves
A210: S032-02 | B210: S032 | C210: lachesin | D210: B1 | E210: 2 | F210: lachesin_B1_P1_02 | G210: GAGGAGGGCAGCAAACGGAAAAAAGTGCCGAGATGATTGACGGTG | H210: lachesin_B1_P2_02 | I210: AGTGTCTGACTTCAACCAGGCCACCTAGAAGAGTCTTCCTTTACG | J210: B1_P1 (lachesin)_2 | K210: B1_P2 (lachesin)_2 | L210: AAAAGTGCCGAGATGATTGACGGTG | M210: AGTGTCTGACTTCAACCAGGCCACC | N210: =LEN(L210) -> 25 | O210: =LEN(M210) -> 25 | P210: =IF(N210=0,"",(N210-LEN(SUBSTITUTE(SUBSTITUTE(L210,"G",""),"C","")))/N210) -> 0.48 | Q210: =IF(O210=0,"",(O210-LEN(SUBSTITUTE(SUBSTITUTE(M210,"G",""),"C","")))/O210) -> 0.56 | R210: T043 | S210: Both halves | T210: 216 | U210: template position | V210: Master (Jul 2024); B1 file | X210: Both halves
A211: S032-03 | B211: S032 | C211: lachesin | D211: B1 | E211: 3 | F211: lachesin_B1_P1_03 | G211: GAGGAGGGCAGCAAACGGAAGGTTGATGTTCACCATGTGTGTGTG | H211: lachesin_B1_P2_03 | I211: GTCCGTTGTGTGTGACGGACAGACGTAGAAGAGTCTTCCTTTACG | J211: B1_P1 (lachesin)_3 | K211: B1_P2 (lachesin)_3 | L211: GGTTGATGTTCACCATGTGTGTGTG | M211: GTCCGTTGTGTGTGACGGACAGACG | N211: =LEN(L211) -> 25 | O211: =LEN(M211) -> 25 | P211: =IF(N211=0,"",(N211-LEN(SUBSTITUTE(SUBSTITUTE(L211,"G",""),"C","")))/N211) -> 0.48 | Q211: =IF(O211=0,"",(O211-LEN(SUBSTITUTE(SUBSTITUTE(M211,"G",""),"C","")))/O211) -> 0.6 | R211: T043 | S211: Both halves | T211: 286 | U211: template position | V211: Master (Jul 2024); B1 file | X211: Both halves
A212: S032-04 | B212: S032 | C212: lachesin | D212: B1 | E212: 4 | F212: lachesin_B1_P1_04 | G212: GAGGAGGGCAGCAAACGGAATCCTTCGGCTGTACGTTGCTGATAT | H212: lachesin_B1_P2_04 | I212: TTGATCTGACACATGTAAGTGCCGGTAGAAGAGTCTTCCTTTACG | J212: B1_P1 (lachesin)_4 | K212: B1_P2 (lachesin)_4 | L212: TCCTTCGGCTGTACGTTGCTGATAT | M212: TTGATCTGACACATGTAAGTGCCGG | N212: =LEN(L212) -> 25 | O212: =LEN(M212) -> 25 | P212: =IF(N212=0,"",(N212-LEN(SUBSTITUTE(SUBSTITUTE(L212,"G",""),"C","")))/N212) -> 0.48 | Q212: =IF(O212=0,"",(O212-LEN(SUBSTITUTE(SUBSTITUTE(M212,"G",""),"C","")))/O212) -> 0.48 | R212: T043 | S212: Both halves | T212: 356 | U212: template position | V212: Master (Jul 2024); B1 file | X212: Both halves
A213: S032-05 | B213: S032 | C213: lachesin | D213: B1 | E213: 5 | F213: lachesin_B1_P1_05 | G213: GAGGAGGGCAGCAAACGGAACACGACCGACAGATGTCCCATTTGA | H213: lachesin_B1_P2_05 | I213: ATCATCGTCTGCTATATCAGGTGGTTAGAAGAGTCTTCCTTTACG | J213: B1_P1 (lachesin)_5 | K213: B1_P2 (lachesin)_5 | L213: CACGACCGACAGATGTCCCATTTGA | M213: ATCATCGTCTGCTATATCAGGTGGT | N213: =LEN(L213) -> 25 | O213: =LEN(M213) -> 25 | P213: =IF(N213=0,"",(N213-LEN(SUBSTITUTE(SUBSTITUTE(L213,"G",""),"C","")))/N213) -> 0.52 | Q213: =IF(O213=0,"",(O213-LEN(SUBSTITUTE(SUBSTITUTE(M213,"G",""),"C","")))/O213) -> 0.44 | R213: T043 | S213: Both halves | T213: 426 | U213: template position | V213: Master (Jul 2024); B1 file | X213: Both halves
... A225: S034-05 | B225: S034 | C225: mad6 | D225: B1 | E225: 5 | F225: mad6_B1_P1_05 | G225: GAGGAGGGCAGCAAACGGAATCACAGATCTGGGGTCAACTGGCCC | H225: mad6_B1_P2_05 | I225: GGCCCCAGCCTTTCGCGAACGATATTAGAAGAGTCTTCCTTTACG | J225: Mad65_P1_B1 | K225: Mad65_P2_B1 | L225: TCACAGATCTGGGGTCAACTGGCCC | M225: GGCCCCAGCCTTTCGCGAACGATAT | N225: =LEN(L225) -> 25 | O225: =LEN(M225) -> 25 | P225: =IF(N225=0,"",(N225-LEN(SUBSTITUTE(SUBSTITUTE(L225,"G",""),"C","")))/N225) -> 0.6 | Q225: =IF(O225=0,"",(O225-LEN(SUBSTITUTE(SUBSTITUTE(M225,"G",""),"C","")))/O225) -> 0.6 | R225: T047 | S225: Both halves | T225: 370 | U225: template position | V225: Master (Jul 2024); B1 file | X225: Both halves
A226: S035-01 | B226: S035 | C226: miR-2788-5p | D226: B1 | E226: 1 | F226: miR-2788-5p_B1_P1_01 | G226: GAGGAGGGCAGCAAACGGAAGGAAACCCCA | H226: miR-2788-5p_B1_P2_01 | I226: CACATGCCGCTAGAAGAGTCTTCCTTTACG | J226: Mir2788_HCR_P1B1 | K226: Mir2788_HCR_P2B1 | L226: GGAAACCCCA | M226: CACATGCCGC | N226: =LEN(L226) -> 10 | O226: =LEN(M226) -> 10 | P226: =IF(N226=0,"",(N226-LEN(SUBSTITUTE(SUBSTITUTE(L226,"G",""),"C","")))/N226) -> 0.6 | Q226: =IF(O226=0,"",(O226-LEN(SUBSTITUTE(SUBSTITUTE(M226,"G",""),"C","")))/O226) -> 0.7 | R226: T202 | S226: Both halves | T226: 1 | U226: probe name | V226: Master (Jul 2024); B1 file | X226: None | Y226: P1 arm 10 nt; P2 arm 10 nt
A227: S036-01 | B227: S036 | C227: mth2 | D227: B1 | E227: 1 | F227: mth2_B1_P1_01 | G227: GAGGAGGGCAGCAAACGGAATTCCGCAACCCGGAGCCCGAGTGGA | H227: mth2_B1_P2_01 | I227: GGTACATCGTCGTCGAACACAGCCATAGAAGAGTCTTCCTTTACG | J227: B1_P1 (mth2)_1 | K227: B1_P2 (mth2)_1 | L227: TTCCGCAACCCGGAGCCCGAGTGGA | M227: GGTACATCGTCGTCGAACACAGCCA | N227: =LEN(L227) -> 25 | O227: =LEN(M227) -> 25 | P227: =IF(N227=0,"",(N227-LEN(SUBSTITUTE(SUBSTITUTE(L227,"G",""),"C","")))/N227) -> 0.68 | Q227: =IF(O227=0,"",(O227-LEN(SUBSTITUTE(SUBSTITUTE(M227,"G",""),"C","")))/O227) -> 0.56 | R227: T040 | S227: Both halves | T227: 566 | U227: template position | V227: Master (Jul 2024); B1 file | X227: Both halves
A228: S036-02 | B228: S036 | C228: mth2 | D228: B1 | E228: 2 | F228: mth2_B1_P1_02 | G228: GAGGAGGGCAGCAAACGGAAAGCGTTCACGCTTCCAGAGTTCCTC | H228: mth2_B1_P2_02 | I228: TGGGGCACTTGAATCACTCACAGCATAGAAGAGTCTTCCTTTACG | J228: B1_P1 (mth2)_2 | K228: B1_P2 (mth2)_2 | L228: AGCGTTCACGCTTCCAGAGTTCCTC | M228: TGGGGCACTTGAATCACTCACAGCA | N228: =LEN(L228) -> 25 | O228: =LEN(M228) -> 25 | P228: =IF(N228=0,"",(N228-LEN(SUBSTITUTE(SUBSTITUTE(L228,"G",""),"C","")))/N228) -> 0.56 | Q228: =IF(O228=0,"",(O228-LEN(SUBSTITUTE(SUBSTITUTE(M228,"G",""),"C","")))/O228) -> 0.52 | R228: T040 | S228: Both halves | T228: 636 | U228: template position | V228: Master (Jul 2024); B1 file | X228: Both halves
A229: S036-03 | B229: S036 | C229: mth2 | D229: B1 | E229: 3 | F229: mth2_B1_P1_03 | G229: GAGGAGGGCAGCAAACGGAAGGCGCAGCTTCATCGGCGGTGACAC | H229: mth2_B1_P2_03 | I229: TCTTAACTTCCTCGTCCTCCTCGTCTAGAAGAGTCTTCCTTTACG | J229: B1_P1 (mth2)_3 | K229: B1_P2 (mth2)_3 | L229: GGCGCAGCTTCATCGGCGGTGACAC | M229: TCTTAACTTCCTCGTCCTCCTCGTC | N229: =LEN(L229) -> 25 | O229: =LEN(M229) -> 25 | P229: =IF(N229=0,"",(N229-LEN(SUBSTITUTE(SUBSTITUTE(L229,"G",""),"C","")))/N229) -> 0.68 | Q229: =IF(O229=0,"",(O229-LEN(SUBSTITUTE(SUBSTITUTE(M229,"G",""),"C","")))/O229) -> 0.52 | R229: T040 | S229: Both halves | T229: 706 | U229: template position | V229: Master (Jul 2024); B1 file | X229: Both halves
A230: S036-04 | B230: S036 | C230: mth2 | D230: B1 | E230: 4 | F230: mth2_B1_P1_04 | G230: GAGGAGGGCAGCAAACGGAATTTTGTCCGCTCGCACAACATTTCG | H230: mth2_B1_P2_04 | I230: TTGCCATCGACGACAGAAAGCGACATAGAAGAGTCTTCCTTTACG | J230: B1_P1 (mth2)_4 | K230: B1_P2 (mth2)_4 | L230: TTTTGTCCGCTCGCACAACATTTCG | M230: TTGCCATCGACGACAGAAAGCGACA | N230: =LEN(L230) -> 25 | O230: =LEN(M230) -> 25 | P230: =IF(N230=0,"",(N230-LEN(SUBSTITUTE(SUBSTITUTE(L230,"G",""),"C","")))/N230) -> 0.48 | Q230: =IF(O230=0,"",(O230-LEN(SUBSTITUTE(SUBSTITUTE(M230,"G",""),"C","")))/O230) -> 0.52 | R230: T040 | S230: Both halves | T230: 776 | U230: template position | V230: Master (Jul 2024); B1 file | X230: Both halves
A231: S036-05 | B231: S036 | C231: mth2 | D231: B1 | E231: 5 | F231: mth2_B1_P1_05 | G231: GAGGAGGGCAGCAAACGGAACGGCTGGAACGTGAGCGTGGAGCGG | H231: mth2_B1_P2_05 | I231: GTGCGTTTCGTTCGCTTTATGGAATTAGAAGAGTCTTCCTTTACG | J231: B1_P1 (mth2)_5 | K231: B1_P2 (mth2)_5 | L231: CGGCTGGAACGTGAGCGTGGAGCGG | M231: GTGCGTTTCGTTCGCTTTATGGAAT | N231: =LEN(L231) -> 25 | O231: =LEN(M231) -> 25 | P231: =IF(N231=0,"",(N231-LEN(SUBSTITUTE(SUBSTITUTE(L231,"G",""),"C","")))/N231) -> 0.72 | Q231: =IF(O231=0,"",(O231-LEN(SUBSTITUTE(SUBSTITUTE(M231,"G",""),"C","")))/O231) -> 0.44 | R231: T040 | S231: Both halves | T231: 846 | U231: template position | V231: Master (Jul 2024); B1 file | X231: Both halves
A232: S036-06 | B232: S036 | C232: mth2 | D232: B1 | E232: 6 | F232: mth2_B1_P1_06 | G232: GAGGAGGGCAGCAAACGGAATGCCGACGATTGTCTCGAATACGTT | H232: mth2_B1_P2_06 | I232: ATTTATATCTGTCGTAACTGCAGGGTAGAAGAGTCTTCCTTTACG | J232: B1_P1 (mth2)_6 | K232: B1_P2 (mth2)_6 | L232: TGCCGACGATTGTCTCGAATACGTT | M232: ATTTATATCTGTCGTAACTGCAGGG | N232: =LEN(L232) -> 25 | O232: =LEN(M232) -> 25 | P232: =IF(N232=0,"",(N232-LEN(SUBSTITUTE(SUBSTITUTE(L232,"G",""),"C","")))/N232) -> 0.48 | Q232: =IF(O232=0,"",(O232-LEN(SUBSTITUTE(SUBSTITUTE(M232,"G",""),"C","")))/O232) -> 0.4 | R232: T040 | S232: Both halves | T232: 916 | U232: template position | V232: Master (Jul 2024); B1 file | X232: Both halves
A233: S037-01 | B233: S037 | C233: net | D233: B1 | E233: 1 | F233: net_B1_P1_01 | G233: GAGGAGGGCAGCAAACGGAATCGTTCTAGGATACGATCTTTAGCA | H233: net_B1_P2_01 | I233: TTCGCCGCCCGACACGAAGCCCGCGTAGAAGAGTCTTCCTTTACG | J233: net_B1_P1_1 | K233: net_B1_P2_1 | L233: TCGTTCTAGGATACGATCTTTAGCA | M233: TTCGCCGCCCGACACGAAGCCCGCG | N233: =LEN(L233) -> 25 | O233: =LEN(M233) -> 25 | P233: =IF(N233=0,"",(N233-LEN(SUBSTITUTE(SUBSTITUTE(L233,"G",""),"C","")))/N233) -> 0.4 | Q233: =IF(O233=0,"",(O233-LEN(SUBSTITUTE(SUBSTITUTE(M233,"G",""),"C","")))/O233) -> 0.76 | R233: T163 | S233: Both halves | T233: 51 | U233: template position | V233: Master (Jul 2024) | X233: Both halves
A234: S037-02 | B234: S037 | C234: net | D234: B1 | E234: 2 | F234: net_B1_P1_02 | G234: GAGGAGGGCAGCAAACGGAACGGAGTCGTCGGAGTGGGCGGGGCC | H234: net_B1_P2_02 | I234: GTGACTCGGTCTCGGTGAGTCTGACTAGAAGAGTCTTCCTTTACG | J234: net_B1_P1_2 | K234: net_B1_P2_2 | L234: CGGAGTCGTCGGAGTGGGCGGGGCC | M234: GTGACTCGGTCTCGGTGAGTCTGAC | N234: =LEN(L234) -> 25 | O234: =LEN(M234) -> 25 | P234: =IF(N234=0,"",(N234-LEN(SUBSTITUTE(SUBSTITUTE(L234,"G",""),"C","")))/N234) -> 0.8 | Q234: =IF(O234=0,"",(O234-LEN(SUBSTITUTE(SUBSTITUTE(M234,"G",""),"C","")))/O234) -> 0.6 | R234: T163 | S234: Both halves | T234: 121 | U234: template position | V234: Master (Jul 2024) | X234: Both halves
A235: S037-03 | B235: S037 | C235: net | D235: B1 | E235: 3 | F235: net_B1_P1_03 | G235: GAGGAGGGCAGCAAACGGAATTCTTTGGCGGCTGGCGGGTGGGGG | H235: net_B1_P2_03 | I235: TCTTCTGTGGAGTCGAGGCGGATACTAGAAGAGTCTTCCTTTACG | J235: net_B1_P1_3 | K235: net_B1_P2_3 | L235: TTCTTTGGCGGCTGGCGGGTGGGGG | M235: TCTTCTGTGGAGTCGAGGCGGATAC | N235: =LEN(L235) -> 25 | O235: =LEN(M235) -> 25 | P235: =IF(N235=0,"",(N235-LEN(SUBSTITUTE(SUBSTITUTE(L235,"G",""),"C","")))/N235) -> 0.72 | Q235: =IF(O235=0,"",(O235-LEN(SUBSTITUTE(SUBSTITUTE(M235,"G",""),"C","")))/O235) -> 0.56 | R235: T163 | S235: Both halves | T235: 191 | U235: template position | V235: Master (Jul 2024) | X235: Both halves
A236: S037-04 | B236: S037 | C236: net | D236: B1 | E236: 4 | F236: net_B1_P1_04 | G236: GAGGAGGGCAGCAAACGGAACCTCGGCGAATGACCAAGGTCTGAA | H236: net_B1_P2_04 | I236: CTAAAGATAAGGGTTCATTTTGGGGTAGAAGAGTCTTCCTTTACG | J236: net_B1_P1_4 | K236: net_B1_P2_4 | L236: CCTCGGCGAATGACCAAGGTCTGAA | M236: CTAAAGATAAGGGTTCATTTTGGGG | N236: =LEN(L236) -> 25 | O236: =LEN(M236) -> 25 | P236: =IF(N236=0,"",(N236-LEN(SUBSTITUTE(SUBSTITUTE(L236,"G",""),"C","")))/N236) -> 0.56 | Q236: =IF(O236=0,"",(O236-LEN(SUBSTITUTE(SUBSTITUTE(M236,"G",""),"C","")))/O236) -> 0.4 | R236: T163 | S236: Both halves | T236: 262 | U236: template position | V236: Master (Jul 2024) | X236: Both halves
A237: S037-05 | B237: S037 | C237: net | D237: B1 | E237: 5 | F237: net_B1_P1_05 | G237: GAGGAGGGCAGCAAACGGAAGGCCTCCGCCTTTGCCTCAGCAGAC | H237: net_B1_P2_05 | I237: GGGGTTGGAGGCGGAGGTGGTTCTATAGAAGAGTCTTCCTTTACG | J237: net_B1_P1_5 | K237: net_B1_P2_5 | L237: GGCCTCCGCCTTTGCCTCAGCAGAC | M237: GGGGTTGGAGGCGGAGGTGGTTCTA | N237: =LEN(L237) -> 25 | O237: =LEN(M237) -> 25 | P237: =IF(N237=0,"",(N237-LEN(SUBSTITUTE(SUBSTITUTE(L237,"G",""),"C","")))/N237) -> 0.68 | Q237: =IF(O237=0,"",(O237-LEN(SUBSTITUTE(SUBSTITUTE(M237,"G",""),"C","")))/O237) -> 0.64 | R237: T163 | S237: Both halves | T237: 332 | U237: template position | V237: Master (Jul 2024) | X237: Both halves
A238: S037-06 | B238: S037 | C238: net | D238: B1 | E238: 6 | F238: net_B1_P1_06 | G238: GAGGAGGGCAGCAAACGGAAAACTCTAGGCGGGCCTGTGGTCTCT | H238: net_B1_P2_06 | I238: CGAATCGGTTACTCCTGGATGCGGTTAGAAGAGTCTTCCTTTACG | J238: net_B1_P1_6 | K238: net_B1_P2_6 | L238: AACTCTAGGCGGGCCTGTGGTCTCT | M238: CGAATCGGTTACTCCTGGATGCGGT | N238: =LEN(L238) -> 25 | O238: =LEN(M238) -> 25 | P238: =IF(N238=0,"",(N238-LEN(SUBSTITUTE(SUBSTITUTE(L238,"G",""),"C","")))/N238) -> 0.6 | Q238: =IF(O238=0,"",(O238-LEN(SUBSTITUTE(SUBSTITUTE(M238,"G",""),"C","")))/O238) -> 0.56 | R238: T163 | S238: Both halves | T238: 402 | U238: template position | V238: Master (Jul 2024) | X238: Both halves
... A277: S043-01 | B277: S043 | C277: pangolin | D277: B1 | E277: 1 | F277: pangolin_B1_P1_01 | G277: GAGGAGGGCAGCAAACGGAACGCCGCAGAACTCGAGTGCGCATGC | H277: pangolin_B1_P2_01 | I277: GGAGCCCAGGTCGTCGCCGCCCGAGTAGAAGAGTCTTCCTTTACG | J277: B1_P1 (pangolin)_1 | K277: B1_P2 (pangolin)_1 | L277: CGCCGCAGAACTCGAGTGCGCATGC | M277: GGAGCCCAGGTCGTCGCCGCCCGAG | N277: =LEN(L277) -> 25 | O277: =LEN(M277) -> 25 | P277: =IF(N277=0,"",(N277-LEN(SUBSTITUTE(SUBSTITUTE(L277,"G",""),"C","")))/N277) -> 0.68 | Q277: =IF(O277=0,"",(O277-LEN(SUBSTITUTE(SUBSTITUTE(M277,"G",""),"C","")))/O277) -> 0.8 | R277: T065 | S277: Both halves | T277: 6 | U277: template position | V277: Master (Jul 2024); B1 file | X277: Both halves
A278: S043-02 | B278: S043 | C278: pangolin | D278: B1 | E278: 2 | F278: pangolin_B1_P1_02 | G278: GAGGAGGGCAGCAAACGGAATACTTTGACCTCGTCCGTGGAGCCC | H278: pangolin_B1_P2_02 | I278: GTCCTCACCGTCTCCTTCGTCTTTGTAGAAGAGTCTTCCTTTACG | J278: pang_axin_naked | K278: pang_axin_naked | L278: TACTTTGACCTCGTCCGTGGAGCCC | M278: GTCCTCACCGTCTCCTTCGTCTTTG | N278: =LEN(L278) -> 25 | O278: =LEN(M278) -> 25 | P278: =IF(N278=0,"",(N278-LEN(SUBSTITUTE(SUBSTITUTE(L278,"G",""),"C","")))/N278) -> 0.6 | Q278: =IF(O278=0,"",(O278-LEN(SUBSTITUTE(SUBSTITUTE(M278,"G",""),"C","")))/O278) -> 0.56 | R278: T065 | S278: Both halves | T278: 51 | U278: template position | V278: pang_axin_naked oPool | W278: pang_axin_naked oPool | X278: Both halves
...

Sheet Templates
A1: Template_ID | B1: Gene (short) | C1: Organism | D1: Header as written in source | E1: Source file | F1: Length (nt) | G1: # pairs assigned here | H1: Sequence (sense, 5′→3′)
A2: T001 | B2: shaven | C2: Bicyclus anynana | D2: shaven partial mRNA: | E2: Anupama_scale | F2: =LEN(H2) -> 1061 | G2: =COUNTIF(Probe_Pairs!$R:$R,A2) -> 8 | H2: ACGGTGGAGTCAACCAACTAGGCGGAGTGTTTGTGAATGGGCGACCGTTGCCCGACGTCGTGCGACAGCGGATAGTGGAGCTGGCGCACAGCGGCGTGCGGCCGTGCGACATCAGTCGACAACTACGCGTGTCGCACGGCTGCGTGTCGAAGATACTGTCGCGATACTACGAAACGGGGAGTTTCAAGGCTGGCGTGATAGGCGGGTCGAAGCCCAAGGTAGCGACCCCTCCTGTGGTGGACGCCATAGCTGCATACAAGCGAGAGAACCCCACGATGTTCGCCTGGGAGATCCGGGACAGATTGCTCAGCGAAGGCATTTGCAGCCAGGACAATGTACCCTCAGTATCTAGTATTAATAGGATCGTGCGGAACAAGGCGGCGGAGAAGGCGAAGCACGCGCACAACCAACAGCAGCAGCAAGAACAGGAGATCAGCTCGGCGCAGGGGAGCGTTGTTTCTGTGATAACCCATGCGGGCAACGCGCCTGGTGCCACAGCGGTGCTGACTCCCACCACGGAGCACGTGAACAACGCAGGCAGCTACAGTATCAACGGCATCCTGGGGATCGAGCAGGTGGACCAGCTTCACAACGGCAACCCGCTCAAGAGGAAGCGCCATGAGGACCAGGATGAGAACAGAGACTTCAACAGCCATTCGGAGGACGACGTCAAAAGACAAAGAAGTCATTACAATGGCGACCAAATATACTCCAACCTGTGGTCATCATCGAAGTGGAGCCTGAAGGACGAGTACAAGCTGCTGTCGGAGCTGGGCGGCGGCACGGGCTACTACGGCGAGCTGTTCGACGCGCCCTACGACCATCCCCACCACTACACCCCCCACTCCGCCACCAACGACTCGACGGGCTCCGCGCCGGCGGGCGGTGAGCCCCCGTCGGCGGCGGGCAGTCCCGACGCGGCCGCGCTCGTGGTGCTGCAGCCGCCCGCGCCGCCCTACCCGCCCTACGCGCACTACGACGGCACCGCCACTCTCGCAAGCGAATATGCCTACGCGGCCCCCTACTCGCAGTACTCCCCCTACGGCGGGCCGTACTCGCAC
A3: T002 | B3: senseless | C3: Bicyclus anynana | D3: Senseless mRNA: | E3: Anupama_scale | F3: =LEN(H3) -> 1098 | G3: =COUNTIF(Probe_Pairs!$R:$R,A3) -> 8 | H3: ATGTCCCGCCACGTGCTTCTGTCCCGGCTGGCGGAGCACTTCCAGGCGGCTTCACCCCCCGGCCAGCGGTTCCCGTCGCCGGACAGGAGCGTGTCTCCCCACACGCCCACGTCGCCTCGCTCTCCCCCCCAGTCGCCGGACTCTCTCGCACAGCAGCGCTTGGACCTGCTGCAGCTGGGAGACATTGAGATTGCAGGCCGTGCTCTCAAACAGTACGCCAGGGCTACAGAGCTGGGAGCCTTAATGTACTGCAGCGGGCTGGGCGCACTGTACGGCGGCGCCGGAGTGTGGCCGCTACTGCTGCCGCAAGCGCCACACTTTGCGCCAAGTGATCACGCAAGACATACACCACCCCGAGACGATGATGAAGAAGAGTTACCATTAAACTTATCGACGAAAAATAGACAGATTTGGTCGCCGGGCAGTGCGTGTGAACGTGAGCAAATAGAAACTGAGAGAGAATCGCCAGCGTCGCGTTGGGACGACCGCGAAGATCTAGAACCCCTCGAGCTCGTGAAGAGATGCCGCAGCAGCTCTGATGATGACAGGCTCTCCAGCTCCGAGTCCCGACGCTGTCCGTCAGAGCCGTCCTTCAACACCTACCTACCACCGCCGCCTCAGCCAGACATGAACTTTTCACTCCTTCTCAAGAATGAAAACAAAAATGAAAAATCCTTTCAGTGCAAGCAATGCGGCAAATGCTTCAAGCGCTCCAGCACGCTGTCCACGCATCTGCTCATCCACTCCGACACCAGGCCCTACCCGTGCCAGTACTGCGGGAAACGATTCCACCAGAAGTCCGATATGAAGAAGCACACCTACATACACACAGGTGAAAAGCCGCATAAATGCGTCGTATGCTCTAAAGCCTTCAGCCAAAGTTCGAATCTGATCACGCATATGCGGAAGCACACCGGTTACAAGCCTTTTTCATGCGGGCTATGCGAAAAGGCATTCCAACGTAAAGTTGATCTCCGACGTCACAGGGAGTCCCAGCATGCGGAGGTGGACTCCCCGGCCTGCCCCACCCTACCACGTCACCGCTATACATACTACGGCGAGGAACAAGCTCCGTTAACTCCACTTATCTCTAACTGA
A4: T003 | B4: HR38 | C4: Bicyclus anynana | D4: HR38 partial mRNA: | E4: Anupama_scale | F4: =LEN(H4) -> 1401 | G4: =COUNTIF(Probe_Pairs!$R:$R,A4) -> 8 | H4: CACCAAGGACATGCATCAACACAGCTATTGTATCAATATCATCAACCTGCATTACCTTACGTTCCATCACCCTACTACGCACCCGCTCAGCCGTGCTCCCCGACATTTGATACCGGTGGCGTGACAAATGCGCAAGAAGCATATTCATTGCCACCATTTCCCAGTTCAGTGGATCTACATATATCTTCCGACCAAGGAGCTAGGCAACGAAGATCGTCCTTGCCGGTTCAGAGATCAGAGTCTAGTAGTTCTAACGACAGTCCCAAATTACACGGCAGCAGAATACACTGTATGCAAGCGTCAGCGCCGAGCTCCGCGTCGAGCTCGCCTGGTGGACCTCAGCAAGACAACTCCGGTTCTCGGGCAGCTCCACCATCACCGAGTCAACTCTGTGCTGTTTGTGGAGATACGGCTGCATGTCAACATTACGGAGTGCGAACTTGTGAAGGGTGCAAAGGATTTTTCAAAAGAACTGTCCAAAAAGGTTCTAAATATGTTTGCTTAGCTGAAAAATCGTGTCCAGTGGATAAGAGAAGAAGAAACAGGTGTCAATTTTGTCGGTTTCAGAAGTGTCTTGCTGTAGGAATGGTGAAAGAGGTCGTGCGGACCGATTCGCTTAAAGGGAGACGAGGGAGATTACCGTCAAAACCAAAATGTCCGCAAGAATCACCACCGAGTCCGCCAATCTCTTTAATAACGGCATTAGTCAGAGCGCATGTCGACACGTCTCCTGATTTTGGCAATCTTGATTATTCACAATACAGAGAGCCGAACCCGATGGAAGTACCTATATCGGATTTAGAAGTGATCCAACAATTTTATTCGTTATTGACAACGTCTATCGATATGATAAAAATATTTGCGGAGAAAGTCCCTGGCTTCGGCGAACTTTGCCCTGAAGACCGAGAACAACTGTTCGCATCGGCACGGCTGGAATTGTTCGTCTTGCGTCTCGCCTATCGCACTCGCCCGGAGGACACTAAGCTCACTTTCTGCAATGGATTGGTTCTCGATAAACGACAGTGTCAAAGATCTTTTGGAGACTGGTTGCACGCTGTCCTTGATTTTAGTAATACACTGCACTCTATGGATATTGACATCTCTACTTTTGCCTGCCTGTGTGCATTGGCTCTTATAACAGAGAGACATGGTCTAAAGGAGCCGCACCGAGTTGAGCAGTTGCAAATGAAGATCATCGGATGTCTGCGCGCGCACATGCCCTGCGGCGGCAACACCAACGCCGCCGGGGCGCCGCACTTCAGCCGAGTCCTAGGCGCGCTGCCGGAGCTGCGGTCCCTCTCCGTGCAAGGGCTCCAGCGAATCTTCTACCTGAAGCTCGAGGACTTAGTGCCCGCGCCTCCTCTCATCGAGAACATGTTTCGCGCCAGCCTGCCGTTCTAA
A5: T004 | B5: cut | C5: Bicyclus anynana | D5: cut partial mRNA: | E5: Anupama_scale | F5: =LEN(H5) -> 1969 | G5: =COUNTIF(Probe_Pairs!$R:$R,A5) -> 8 | H5: GAAGCGCCTTCTCCTTAGTTAGGCCAAAACTGGAACCCGGCCAGCAGTCGACCGGATCTTCGGCGTCGAGTCCACTCGGCAACGCAATTCTTCCTCCCGCGATAACTCCAAACGAAGACTTCAGTAGTTCTGCTGCAGCCAGTCCCTTGCAACGAATGGCTTCAATAACGAATAGTTTAATTTCCCAACCACCGAACCCACCTCACCATTCGACGCCGCAGAGATCGATGAAAGCGGTCCTCCCGCCTATCACGCAGCAACAATTCGATCTCTTTAATAATTTAAATACGGAAGACATCGTTAAGAGGGTCAAGGAAGCTTTAAGCCAGTACTCGATCAGCCAAAGATTGTTCGGTGAATCTGTTCTCGGACTGTCACAAGGTTCCGTGAGCGATTTGCTCGCCCGACCGAAACCGTGGCACATGCTCACGCAAAAAGGAAGAGAACCCTTCATCAGAATGAAAATGTTCTTGGAGGACGACAACGCTGTTCACAAACTGGTAGCATCGCAGTACAAAATCGCCCCTGAAAAACTTATGAGGACTGGAAACTACAGCGGAGTACCTCAATGTCCGCCAAACATGACCAAGCCCATACCACCGACTCAAAAAATGATCTCAGATGCGACATCATTGCTGAGCAAGATGCAGCACGAACAACTCCTCGGGCCCGGCCACCTCGGCCACCTGGGGCCCCCCACGCCACTGCTGCTCACGCCGCCGGGCTTCCCCCCGCACCACGCCGTCACGCTGCCCCCGCAACTCCACGACAACAACAACAAAGAGCGGAAGCCGCCGCAGCACCCGTCCCAACCGCACCACCAACCGCACCACCAGCCCATCGCGATGAGAGGCCTGCACCAACACATGTCTCCCAGCGTTTACGAAATGGCTGCACTGACGCAGGACTTGGATACGCAGACAATTACGACAAAAATAAAGGAGGCGTTACTGGCAAACAACATCGGCCAGAAAATATTCGGCGAAGCCGTGCTCGGCTTGTCACAGGGGTCGGTGAGTGAACTCTTGTCGAAGCCTAAACCGTGGCACATGCTCAGCATTAAAGGTAGAGAACCGTTCATTAGAATGCAATTGTGGCTGAGCGACACTCACAACATCGACCGTCTACAAGCATTAAAAAACGAGAGGCGAGAAGCCAACAAGAGAAGAAGATCGAGCGGCCCCGGCCAGGACAACTCCTCGGATACTTCGTCCAATGACACGTCGGAGTTCTATCACTCGAGCTCTCCAGGGCCTACGTCCGGAGTGCCTTCTGCCAAAAAACAACGCGTGTTATTCTCTGAAGAACAAAAAGAAGCTCTGAGGCTGGCGTTCGCCCTCGATCCTTACCCGAACATGCCGACGATAGAGTTTCTAGCGGCAGAGTTGGGTCTATCCACGAGAACTATAACGAATTGGTTTCACAACCACAGAATGCGGCTAAAACAGCAGGCGCCGCACGGTCTCCCGGCCGAACCTCCCGCGCGCGACCAATCTACCGCTCCCTTCGATCCCGTGCAGTTTAGACTCCTCTTGAACCAGAGGCTCCTCGAGCTGCAAAAGGAAAGAATGGGACTAGCGGGTGTACCGCTACCTTACCCTCCCTACTTCGCGGCGAATTCTAACTTCGCCGCCCTGATAGGTCGGGGTCTGCTGCCTCCCGACGAGAGGGTGAAGAACCCGACCGGCGGGCTGGACCTGTCTATGCCGCTGAAGCGGGAGCCCGACGGGGACGACTTCGAGGACGACGACGTCGAGAGCAACCTCGGCTCGGAGGACTCGCTCGACGACGAATCCAAGACTGAGCCGAAGACGGCGTCGACACCCGCGGGCCGCTCGAGCCGGCGCAAGCCGGCGGCGCCGCAGTGGGTGAACCCCGACTGGCAGGACGAGAAGCCGCGCAACCCCGACGAGGTGATCATCAACGGCGTGTGCGTGATGCGCAGCGACGACTTCCGGCGCGAGGCGGA
A6: T005 | B6: dpp | C6: Bicyclus anynana | D6: Sequence of decapentaplegic used for in-situ hybridization. | E6: Master (Jul 2024) | F6: =LEN(H6) -> 810 | G6: =COUNTIF(Probe_Pairs!$R:$R,A6) -> 17 | H6: GTTCTTCAACGTAAGCGGCGTACCGGCCGACGAGGTGGCGCGCGGCGCCGACCTCTCGTTCCAACGAGCCGTCGGCACCACCGGCAGACAGAGACTGTTGTTGTACGACGTGGTGCGCCCTGGCCGCCGCGGCCACTCCGAGCCGATCCTGCGGCTGCTGGACTCCGTTCCGCTCCGGCCCGGGGAGGGAATCGTCAACGCCGACGCTCTGGGAGCGGCGCGACGGTGGCTCAAAGAGCCCAAACATAATCACGGACTATTAGTGCGAGTGTTAGAAGAAGACGCCGCGAGTGCGAGCAGGGACGCGAAGTTCCCGCACGTGCGCGTGCGCAGACGCGTCACGGACGAGGAGGAGGAGTGGCGGACGGCGCAGCCGCTGCTCATGCTGTACACGGAGGACGAGCGCGCGCGCGCGTCGCGGGAGACGAGCGAGCGGCTGACGCGCAGCAAGCGCGCGGCGCAGCGGCGGGGGCACCGCGCGCACCACCGCCGCAAGGAGGCGCGCGAGATCTGCCAGCGCCGCCCGCTGTTCGTCGACTTCGCGGACGTGGGCTGGAGCGACTGGATCGTGGCCCCGCACGGCTACGACGCGTACTACTGCCAGGGCGACTGCCCCTTCCCGCTGCCGGACCACCTCAACGGCACGAACCACGCGATAGTGCAGACTCTGGTCAACTCAGTGAACCCCGCGACGGTGCCCAAAGCGTGCTGCGTGCCGACGCAACTCTCATCTATATCTATGTTATATATGGACGAAGTGAACAATGTGGTGCTTAAAAACTATCAGGACATGATGGTGGTAGGCTGTGG
A7: T006 | B7: wg | C7: Bicyclus anynana | D7: >BANY.1.2.t03754_wg | E7: Master (Jul 2024) | F7: =LEN(H7) -> 501 | G7: =COUNTIF(Probe_Pairs!$R:$R,A7) -> 6 | H7: ATGGACTTCCAAACACTACGGTCTCGCGCCACCAGCATCCAGCAGCTGGATTTTGTCAGTCCAGCTAGGAAGGGGGGCATAGCAAAGGCAGGCGAACCAAATAACTTATCACCCTTGTCTCCAAGTGTCCTATACATGGACCCGGCTGTTCACGCCACCTTGAGGAGGAAACAGAGAAGGCTAGCGAGGGAGAACCCTGGGGTCCTCGCAGCAATATCCAAGGGAGCCAGCATGGCTGTGGCCGAATGCCAGCATCAGTTCAAATACAGGAGATGGAACTGTTCTACAAGAAATTTTTTGCGAGGGAAGAATCTATTTGGAAAAATTGTTGACAGAGTTTCGCCGGACAAAGCCCCCCCGGCCGGGGCGGCTATAATTACTAATATACACGTCGACACGCCATTGACGATTGACGCGACATCTTCATTTCATTGTGGTGTAAACCTCAAGGATCGCATTAACACGGACGATGACAACGGCACAATAGTGCTATCTTTATAG
A8: T007 | B8: wg | C8: Bicyclus anynana | D8: >BANY_wg_NCBI | E8: Master (Jul 2024) | F8: =LEN(H8) -> 1194 | G8: =COUNTIF(Probe_Pairs!$R:$R,A8) -> 0 | H8: ATGTCGGGTCCGCCCATAATGAAGTGGTTGTGCTTGTTTGTGCTGTTTCTGTGTATGAGGTGCGAGGCCAACAAGCCGAGGCGAGGCCGAGGCAGCATGTGGTGGGGCATAGCAAAGGCAGGCGAACCAAATAACTTATCACCCTTGTCTCCAAGTGTCCTATACATGGACCCGGCTGTTCACGCCACCTTGAGGAGGAAACAGAGAAGGCTAGCGAGGGAGAACCCTGGGGTCCTCGCAGCAATATCCAAGGGAGCCAGCATGGCTGTGGCCGAATGCCAGCATCAGTTCAAATACAGGAGATGGAACTGTTCTACAAGAAATTTTTTGCGAGGGAAGAATCTATTTGGAAAAATTGTTGACAGAGGTTGCCGTGAAACCGCCTTCATCTACGCCATCACAAGCGCAGGGGTGACGCACGCGGTGTCGCGCGCATGCGCCGAAGGCTCCATCGAGTCCTGCACGTGCGACTATTCCCATGTGGACCGCTCGCCGCACCGCGCGCGCGCCGCCGCCGCCGCCAACGTGAGGGTCTGGAAATGGGGCGGCTGCAGCGACAACATCGGCTTCGGCTTCAAGTTCAGCCGAGAGTTCGTTGACACCGGGGAAAGGGGCAAGACGCTTAGGGAGAAGATGAACTTGCACAACAATGAGGCCGGCAGGATGCACGTGCAAACGGAGATGCGCCAGGAGTGCAAGTGCCACGGTATGTCTGGGTCCTGCACGGTGAAGACGTGCTGGATGAGGCTGCCGACGTTCCGGTCTGTAGGCGACGCCCTGAAAGACAGCTTCGACGGGGCGTCGCGGGTCATGATGCCCAATACCGAGGTGGAGGCGCCGTCGCAGAGGAACGACGCCGCACCTCACAGGGTCCCGCGCCGTGACCGCTACAGGTTCCAACTTCGGCCGCACAACCCTGACCACAAAACACCCGGGGTCAAGGACCTTGTATACTTGGAATCTTCACCAGGTTTCTGCGAAAAGAACCCCAGACTGGGCATCCCGGGTACGCACGGGCGTGCCTGCAACGACACTAGCATCGGCGTCGACGGTTGCGACCTGATGTGCTGCGGGCGCGGCTACCGGACCGAGACCATGTTCGTAGTGGAACGATGCAACTGCACGTTCCACTGGTGCTGCGAGGTCAAATGCAAATTGTGTCGCACGGAAAAGGTAGTTAACACGTGTTTATAG
A9: T008 | B9: wg | C9: Bicyclus anynana | D9: >wg_insitu | E9: Master (Jul 2024) | F9: =LEN(H9) -> 447 | G9: =COUNTIF(Probe_Pairs!$R:$R,A9) -> 0 | H9: CAGCAGCTGGATTTTGTCAGTCCAGCTAGGAAGGGGGGCATAGCAAAGGCAGGCGAACCAAATAACTTATCACCCTTGTCTCCAAGTGTCCTATACATGGACCCGGCTGTTCACGCCACCTTGAGGAGGAAACAGAGAAGGCTAGCGAGGGAGAACCCTGGGGTCCTCGCAGCAATATCCAAGGGAGCCAGCATGGCTGTGGCCGAATGCCAGCATCAGTTCAAATACAGGAGATGGAACTGTTCTACAAGAAATTTTTTGCGAGGGAAGAATCTATTTGGAAAAATTGTTGACAGAGTTTCGCCGGACAAAGCCCCCCCGGCCGGGGCGGCTATAATTACTAATATACACGTCGACACGCCATTGACGATTGACGCGACATCTTCATTTCATTGTGGTGTAAACCTCAAGGATCGCATTAACACGGACGATGACAACGGCACAATA
A10: T009 | B10: en | C10: Bicyclus anynana | D10: Sequence of engrailed used for in-situ hybridization (628 bps) | E10: Master (Jul 2024) | F10: =LEN(H10) -> 628 | G10: =COUNTIF(Probe_Pairs!$R:$R,A10) -> 16 | H10: TTGAAGACCGTTGCAGTCCGAACCAGGCCAACAGCCCCGGTCCGGTCACCGGCAGAGTCCCTGCGCCTCACTCCGAAGTAAGAAACGNGTACCAAAGTCAATACACTTGCACGACTATCGATCAAAGGTTTGACAGAACGATGACAGTGGTGAAAGTGCAGCCGAATTCACCACCGATGAGTCCACTGACGTGAAGCCCATAATCCCTGAGTTTGAAGACAAGAGAAACCGACAACCACCACCAACCATACCCTTCTCTATCAGCAACATATTACACCCAGAATTCGGTTTGACAGCGATTCGAAAAACGAACAAAATCGAAGGACCAAAACACGTCGGCCCCAACCACAGCATTTTGTACAAACCTTATTTGTCGAACGAGTTATCGAGTTCGAAATTCAATTTCGATTATTTAAAATCTAAGGATGATTTCGGTGCATTACCTCCACTTGGCGGTTTGAGGCAGACCGTGTCGAATATTGGAGAACAGAAGGAGGCACCAAAGATTATAGAGCAGCAGAAGAGGCCAGATTCAGCCAGCTCTATTGTCTCTTCCACATCTAGCGGGGCTTTATCGACGTGTGGCAGCACTGACGCCAACAGCAGTCAAAGCGGGAACAGCAATCTA
A11: T010 | B11: invected-like | C11: Bicyclus anynana | D11: Sequence of invected-like used for in-situ hybridization (182 bps) | E11: Master (Jul 2024) | F11: =LEN(H11) -> 182 | G11: =COUNTIF(Probe_Pairs!$R:$R,A11) -> 3 | H11: CAGTAGGTAATCACACAGACTCGTACATACACAATACTTTGTTTTTTTTTATTTGATTCGTTATTTATTAATACATCGCCATAATAAAGCGCGAATGTCTTTTTAGAAAGTATGTTGCTCATAGTGATTTTCTATACCTATATAAAACAAAAGTAAATAAATCCCAATTCTTTCAATAGGTG
A12: T011 | B12: inv | C12: Bicyclus anynana | D12: Sequence of invected used for in-situ hybridization (873 bps) | E12: Master (Jul 2024) | F12: =LEN(H12) -> 873 | G12: =COUNTIF(Probe_Pairs!$R:$R,A12) -> 10 | H12: GGACCAAAGTGACGAAGAGCACGACCCCTACTCGCCCAACACTAGAGACACCATCACACCAGACTTCATAGAAGAAGACAAACAAGACAGGCCTATACACACATCCTCTTTCTCCATACACAATGTCCTTAAGAAGGAAAGAGACAGTAATAGTCCTGAGAACGTCTTCTCAACTGAAAAGTTGTTGCAAAGTACACCGAACTTTGAAGATTCTAGGAACTCTGAAAGCGTTAGTCCGAGACTTGAAGATGATCACAATGAAAGAGCTGATATAAGTGTTGATGACAACTCTTGTTGTAGTGATGATACTGTGCTATCTGTTGGCAATGAAGCCTTACCAACCAATTACCCAAACGACAAAGATCCGAACCAAGGCTTAACCTCCTTCAAACATATACAAACTCATTTGAACGCAATATCACAGTTAAGTCAAAATTTAAACATAAACCAACCAATCCTCCTACGACCCAACCCAATAACACCAAACCCGTTAATGTTCCTAAACCAACCGTTGTTATTCCAAAACCCTTTAATAAACCAAGTGGATTTAAAATCAGGGTTACCGAGAATCGGCTTGCAGCAAAACAATTTAAATTTGAACCAAAATTACATGAATTATGCGAGAAAAAATGAACTGAACGAAAGACGACAGAGTTATTCACCGAAGTTACATGAAAATGAGTCAAGTAGAGATTTTATTAACCAAGGATGTTTGAAATTTAGCATTGATAATATACTGAAAGCTGATTTTGGTAGACGAATTACTGATCCGTTGACAAAGAGAAAAACGAAGACGAGGCAGTATGAGGCAAAATCTACCCCTGTCAAAGAGGTTCAGTCTCCCCCTAAAGAGGTAGAGGCTAGAGTGCCGGA
A13: T012 | B13: omb | C13: Bicyclus anynana | D13: >BANY.1.2.t12446 bicyclus_anynana_v1x2_core_27_80_2 cds | E13: Master (Jul 2024) | F13: =LEN(H13) -> 1284 | G13: =COUNTIF(Probe_Pairs!$R:$R,A13) -> 22 | H13: ATGCATCATCTCGAGAATTTCTCAATAAGCCGTGGTGCCTGTGGGGCCGACGCGGGCGCCGCCCCGCGGCGAGTCGGTGGCGCCTCTATCGATTATTCGGGCCTCTCGGTCGCGCGTAGCGCCGCGTCCCGCTCGCGCCGCGCGGGTGGCGCCCGCCGCGTCATGCGCGACCACCGCGCGACTGGCGCGACCTCGCGCGAGCCGCTCTCGGGCTATATCATTAATCTATTACTCCGGGAAGGTGGGCTCGTACGTAAGGAGCTCATCTATAGCCAAAGTCAACGGATGTTGTCAAAGTTGCTGTGGCCAAACCCAGTGCCTAGTCCGCCCAGAGACCCCCACTCAGATCATTTGACGATCCTGAACTCGATGCACAAGTACCAGCCACGGTTCCACCTGGTGCGAGCCAACGACATCCTCAAGCTGCCCTACTCCACCTTCCGCACCTACGTATTCAAGGAGACCGAGTTCATCGCCGTCACCGCCTACCAGAACGAGAAGATAACGCAGCTGAAAATCGACAACAACCCCTTCGCGAAAGGCTTCCGAGACACGGGGGCGGGGAAGCGGGAGAAGAATCTGTCCGTGTACCGCAGGCAGGCGCTGCTGACGGCGCGGTCGGACGCCCGCGAGGACGACGACGAACGTCCACTAGACGTTGGCGGACCCTCCAGCCCGCCGCCGCCCGCGACGCAACACACGAGCAGCTCGTGGTTCAGTTCGAGTGGAGGCGGCGCGGACTCCGGTCCAGAGGAAGCCGGCTCGGACTCGTCGTGCTCCGGCCCCGCGCGCGCTCCCTCGCCCCCCGCCGGGCCCTCGCGGCCTTCTCCCGCCCCTGACGTGTCTCTCGGCCCGCCGGTGCAGCCCCCCCTCCTGCCCTACCTGTACCCGCCTTCGCTGTACCCGCCACCGTTCTTCCCGCCACACCAAATGCCGCCAGGTCTGTTGTTCAACCTGCATCCCCTCCTGCAGCAGTACTCGTTGCCCCCTCCCCTCGCGCCGCCGACCCCCACGTCCGCGCCTTCTCTGAGCAAGACGCACAGGTTCGCGCCGTACGCGCTGCCCGGGTTAGGGTCTGCGTTCGAGCAGGTCGCGCCCAGAGCGAGGAGCCTCAGTTCGTCGCCGGCGCGGCCGCGGGTGGGGTCGCCTCCCACGAGAGCGGCGTCAGCGGACCCCCCGCCGGACGCGCCGACGTCGACCACCTCCGCCGCGACCCCTCCCGCGTCCGACCTCAAGAGCATCGAGCGTATGGTCAACGGCTTGGACGTGGAGACGCAGGACTGA
... A203: T202 | B203: miR-2788-5p | C203: Bicyclus anynana | D203: ban-miR-2788-5p (mature miRNA, ugggguuuccuagcggcaugug) | E203: Master (Jul 2024) | F203: =LEN(H203) -> 22 | G203: =COUNTIF(Probe_Pairs!$R:$R,A203) -> 1 | H203: TGGGGTTTCCTAGCGGCATGTG

Sheet Amplifiers
A1: Amplifier | B1: Fluorophore (lab default) | C1: P1 5′ initiator half | D1: P1 spacer | E1: P2 spacer | F1: P2 3′ initiator half | G1: # sets in this file | H1: # pairs in this file
A2: B1 | B2: AF546 | C2: GAGGAGGGCAGCAAACGG | D2: AA | E2: TA | F2: GAAGAGTCTTCCTTTACG | G2: =COUNTIF(Probe_Sets!$I:$I,A2) -> 89 | H2: =SUMIF(Probe_Sets!$I:$I,A2,Probe_Sets!$K:$K) -> 662
A3: B2 | B3: AF647 | C3: CCTCGTAAATCCTCATCA | D3: AA | E3: AA | F3: ATCATCCAGTAAACCGCC | G3: =COUNTIF(Probe_Sets!$I:$I,A3) -> 88 | H3: =SUMIF(Probe_Sets!$I:$I,A3,Probe_Sets!$K:$K) -> 615
A4: B3 | B4: AF488 | C4: GTCCCTGCCTCTATATCT | D4: TT | E4: TT | F4: CCACTCAACTTTAACCCG | G4: =COUNTIF(Probe_Sets!$I:$I,A4) -> 64 | H4: =SUMIF(Probe_Sets!$I:$I,A4,Probe_Sets!$K:$K) -> 477
A5: B4 | B5: AF514 | C5: CCTCAACCTACCTCCAAC | D5: AA | E5: AT | F5: TCTCACCATATTCGCTTC | G5: =COUNTIF(Probe_Sets!$I:$I,A5) -> 15 | H5: =SUMIF(Probe_Sets!$I:$I,A5,Probe_Sets!$K:$K) -> 91
A6: B5 | B6: AF594 | C6: CTCACTCCCAATCTCTAT | D6: AA | E6: AA | F6: CTACCCTACAAATCCAAT | G6: =COUNTIF(Probe_Sets!$I:$I,A6) -> 2 | H6: =SUMIF(Probe_Sets!$I:$I,A6,Probe_Sets!$K:$K) -> 12
