Workbook

Sheet README
A1: HCR probe sets designed by NEW PERSON
A2: This file holds one person's HCR probe sets. Every designer has their own file in the data folder of the HCR probe database, all with the same layout, and the probe finder viewer is built from all of them together.
A4: Sheets
A5: Probe_Sets has one row per gene × amplifier set; its pair counts come from Probe_Pairs, which has one row per P1/P2 pair linked by Set_ID. Templates holds target sequences if you have them (optional). Amplifiers is the reference list of initiator and spacer sequences, the same in every file.
A7: Set IDs
A8: Set IDs in this file start with "XX-" so they never clash with other people's files. Pair IDs are the Set_ID plus a two-digit pair number.
A10: Columns for you to fill in
A11: Headers in dark yellow are input columns (Status, Tube / location, Order date, Vendor / order ID, Notes); Status has a drop-down list. The other columns were filled when the file was built and checked: amplifier and P1/P2 were read from each oligo's own initiator, P1 and P2 were paired by position on the genome or template, and binding arms were matched against the NCBI B. anynana CDS (genome_cds.fa). Check notes summarizes anything worth a look; the pair-level detail is in the Pair flag column of Probe_Pairs.
A13: How to start your own file
A14: 1. Copy this file into the data folder of the HCR probe database and rename it with your name, for example "Alex.xlsx". 2. Pick a short prefix for your Set IDs (for example AX-) and use it in place of XX-. 3. In Probe_Sets, fill one row per gene × amplifier: Set_ID, Designed by (your name, the same in every row), Gene (short), Organism, LOC / GeneID if you know it, and Amplifier; Fluorophore and the pair counts fill themselves. 4. In Probe_Pairs, fill one row per pair: Pair_ID, Set_ID, Gene, Amplifier, Pair #, and the P1 and P2 names and full sequences (initiator + spacer + binding arm, 45 nt). The binding arms, arm lengths and GC% are calculated from the sequences. 5. Delete the grey example rows, save, and ask whoever maintains the viewer to rebuild it. Columns with dark-blue headers that you leave empty (genome LOC, confidence, check notes) are filled when the sets are checked.

Sheet Probe_Sets
A1: Set_ID | B1: Designed by | C1: Gene (short) | D1: Gene / protein name | E1: Organism | F1: LOC / GeneID | G1: NCBI accession | H1: Other ID | I1: Amplifier | J1: Fluorophore | K1: # pairs | L1: # pairs verified on template | M1: Same gene also on | N1: Names used in source files | O1: Source files | P1: Template(s) | Q1: LOC source | R1: Genome LOC (genome_cds.fa match) | S1: # pairs verified in genome | T1: Genome confidence | U1: NCBI protein name (genome_cds.fa) | V1: Name in ncbi_annotation_ultimate.csv | W1: XP accession(s) of genome LOC | X1: Check notes | Y1: Status | Z1: Tube / location | AA1: Order date | AB1: Vendor / order ID | AC1: Notes
A2: XX-001 | B2: Your name | C2: example-gene | D2: (protein name if known) | E2: Bicyclus anynana | I2: B1 | J2: =IFERROR(VLOOKUP(I2,Amplifiers!$A:$B,2,FALSE()),"") -> AF546 | K2: =COUNTIF(Probe_Pairs!$B:$B,A2) -> 1 | L2: =COUNTIFS(Probe_Pairs!$B:$B,A2,Probe_Pairs!$S:$S,"Both halves") -> 0 | S2: =IF(R2="","",COUNTIFS(Probe_Pairs!$B:$B,A2,Probe_Pairs!$X:$X,"Both halves")) | T2: =IF(R2="","",IF(S2*2>=K2,"High","Low")) | Y2: Designed | Z2: Box 3, slot A4 | AC2: Example row: delete before use
J3: =IF(I3="","",IFERROR(VLOOKUP(I3,Amplifiers!$A:$B,2,FALSE()),""))
J4: =IF(I4="","",IFERROR(VLOOKUP(I4,Amplifiers!$A:$B,2,FALSE()),""))
J5: =IF(I5="","",IFERROR(VLOOKUP(I5,Amplifiers!$A:$B,2,FALSE()),""))
J6: =IF(I6="","",IFERROR(VLOOKUP(I6,Amplifiers!$A:$B,2,FALSE()),""))
J7: =IF(I7="","",IFERROR(VLOOKUP(I7,Amplifiers!$A:$B,2,FALSE()),""))
J8: =IF(I8="","",IFERROR(VLOOKUP(I8,Amplifiers!$A:$B,2,FALSE()),""))
J9: =IF(I9="","",IFERROR(VLOOKUP(I9,Amplifiers!$A:$B,2,FALSE()),""))
J10: =IF(I10="","",IFERROR(VLOOKUP(I10,Amplifiers!$A:$B,2,FALSE()),""))
J11: =IF(I11="","",IFERROR(VLOOKUP(I11,Amplifiers!$A:$B,2,FALSE()),""))
J12: =IF(I12="","",IFERROR(VLOOKUP(I12,Amplifiers!$A:$B,2,FALSE()),""))
J13: =IF(I13="","",IFERROR(VLOOKUP(I13,Amplifiers!$A:$B,2,FALSE()),""))
J14: =IF(I14="","",IFERROR(VLOOKUP(I14,Amplifiers!$A:$B,2,FALSE()),""))
... J200: =IF(I200="","",IFERROR(VLOOKUP(I200,Amplifiers!$A:$B,2,FALSE()),""))

Sheet Probe_Pairs
A1: Pair_ID | B1: Set_ID | C1: Gene | D1: Amplifier | E1: Pair # | F1: P1 standard name | G1: P1 sequence (5′→3′) | H1: P2 standard name | I1: P2 sequence (5′→3′) | J1: P1 original name(s) | K1: P2 original name(s) | L1: P1 binding arm | M1: P2 binding arm | N1: P1 arm length | O1: P2 arm length | P1: P1 arm GC% | Q1: P2 arm GC% | R1: Template | S1: Template match | T1: Site start on template (nt) | U1: Paired by | V1: Source files | W1: Pool / order (as recorded) | X1: Genome match (to set LOC) | Y1: Pair flag
A2: XX-001-01 | B2: XX-001 | C2: example-gene | D2: B1 | E2: 1 | F2: example-gene_B1_P1_01 | G2: GAGGAGGGCAGCAAACGGAATCCGCTGCTCGAACACCTCGAAGTC | H2: example-gene_B1_P2_01 | I2: CGTCGAAGTACTCGCGGTACTCCTTTAGAAGAGTCTTCCTTTACG | L2: =IF(G2="","",MID(G2,21,LEN(G2)-20)) -> TCCGCTGCTCGAACACCTCGAAGTC | M2: =IF(I2="","",LEFT(I2,LEN(I2)-20)) -> CGTCGAAGTACTCGCGGTACTCCTT | N2: =LEN(L2) -> 25 | O2: =LEN(M2) -> 25 | P2: =IF(N2=0,"",(N2-LEN(SUBSTITUTE(SUBSTITUTE(L2,"G",""),"C","")))/N2) -> 0.6 | Q2: =IF(O2=0,"",(O2-LEN(SUBSTITUTE(SUBSTITUTE(M2,"G",""),"C","")))/O2) -> 0.56
L3: =IF(G3="","",MID(G3,21,LEN(G3)-20)) | M3: =IF(I3="","",LEFT(I3,LEN(I3)-20)) | N3: =LEN(L3) -> 0 | O3: =LEN(M3) -> 0 | P3: =IF(N3=0,"",(N3-LEN(SUBSTITUTE(SUBSTITUTE(L3,"G",""),"C","")))/N3) | Q3: =IF(O3=0,"",(O3-LEN(SUBSTITUTE(SUBSTITUTE(M3,"G",""),"C","")))/O3)
L4: =IF(G4="","",MID(G4,21,LEN(G4)-20)) | M4: =IF(I4="","",LEFT(I4,LEN(I4)-20)) | N4: =LEN(L4) -> 0 | O4: =LEN(M4) -> 0 | P4: =IF(N4=0,"",(N4-LEN(SUBSTITUTE(SUBSTITUTE(L4,"G",""),"C","")))/N4) | Q4: =IF(O4=0,"",(O4-LEN(SUBSTITUTE(SUBSTITUTE(M4,"G",""),"C","")))/O4)
L5: =IF(G5="","",MID(G5,21,LEN(G5)-20)) | M5: =IF(I5="","",LEFT(I5,LEN(I5)-20)) | N5: =LEN(L5) -> 0 | O5: =LEN(M5) -> 0 | P5: =IF(N5=0,"",(N5-LEN(SUBSTITUTE(SUBSTITUTE(L5,"G",""),"C","")))/N5) | Q5: =IF(O5=0,"",(O5-LEN(SUBSTITUTE(SUBSTITUTE(M5,"G",""),"C","")))/O5)
L6: =IF(G6="","",MID(G6,21,LEN(G6)-20)) | M6: =IF(I6="","",LEFT(I6,LEN(I6)-20)) | N6: =LEN(L6) -> 0 | O6: =LEN(M6) -> 0 | P6: =IF(N6=0,"",(N6-LEN(SUBSTITUTE(SUBSTITUTE(L6,"G",""),"C","")))/N6) | Q6: =IF(O6=0,"",(O6-LEN(SUBSTITUTE(SUBSTITUTE(M6,"G",""),"C","")))/O6)
L7: =IF(G7="","",MID(G7,21,LEN(G7)-20)) | M7: =IF(I7="","",LEFT(I7,LEN(I7)-20)) | N7: =LEN(L7) -> 0 | O7: =LEN(M7) -> 0 | P7: =IF(N7=0,"",(N7-LEN(SUBSTITUTE(SUBSTITUTE(L7,"G",""),"C","")))/N7) | Q7: =IF(O7=0,"",(O7-LEN(SUBSTITUTE(SUBSTITUTE(M7,"G",""),"C","")))/O7)
L8: =IF(G8="","",MID(G8,21,LEN(G8)-20)) | M8: =IF(I8="","",LEFT(I8,LEN(I8)-20)) | N8: =LEN(L8) -> 0 | O8: =LEN(M8) -> 0 | P8: =IF(N8=0,"",(N8-LEN(SUBSTITUTE(SUBSTITUTE(L8,"G",""),"C","")))/N8) | Q8: =IF(O8=0,"",(O8-LEN(SUBSTITUTE(SUBSTITUTE(M8,"G",""),"C","")))/O8)
L9: =IF(G9="","",MID(G9,21,LEN(G9)-20)) | M9: =IF(I9="","",LEFT(I9,LEN(I9)-20)) | N9: =LEN(L9) -> 0 | O9: =LEN(M9) -> 0 | P9: =IF(N9=0,"",(N9-LEN(SUBSTITUTE(SUBSTITUTE(L9,"G",""),"C","")))/N9) | Q9: =IF(O9=0,"",(O9-LEN(SUBSTITUTE(SUBSTITUTE(M9,"G",""),"C","")))/O9)
L10: =IF(G10="","",MID(G10,21,LEN(G10)-20)) | M10: =IF(I10="","",LEFT(I10,LEN(I10)-20)) | N10: =LEN(L10) -> 0 | O10: =LEN(M10) -> 0 | P10: =IF(N10=0,"",(N10-LEN(SUBSTITUTE(SUBSTITUTE(L10,"G",""),"C","")))/N10) | Q10: =IF(O10=0,"",(O10-LEN(SUBSTITUTE(SUBSTITUTE(M10,"G",""),"C","")))/O10)
L11: =IF(G11="","",MID(G11,21,LEN(G11)-20)) | M11: =IF(I11="","",LEFT(I11,LEN(I11)-20)) | N11: =LEN(L11) -> 0 | O11: =LEN(M11) -> 0 | P11: =IF(N11=0,"",(N11-LEN(SUBSTITUTE(SUBSTITUTE(L11,"G",""),"C","")))/N11) | Q11: =IF(O11=0,"",(O11-LEN(SUBSTITUTE(SUBSTITUTE(M11,"G",""),"C","")))/O11)
L12: =IF(G12="","",MID(G12,21,LEN(G12)-20)) | M12: =IF(I12="","",LEFT(I12,LEN(I12)-20)) | N12: =LEN(L12) -> 0 | O12: =LEN(M12) -> 0 | P12: =IF(N12=0,"",(N12-LEN(SUBSTITUTE(SUBSTITUTE(L12,"G",""),"C","")))/N12) | Q12: =IF(O12=0,"",(O12-LEN(SUBSTITUTE(SUBSTITUTE(M12,"G",""),"C","")))/O12)
L13: =IF(G13="","",MID(G13,21,LEN(G13)-20)) | M13: =IF(I13="","",LEFT(I13,LEN(I13)-20)) | N13: =LEN(L13) -> 0 | O13: =LEN(M13) -> 0 | P13: =IF(N13=0,"",(N13-LEN(SUBSTITUTE(SUBSTITUTE(L13,"G",""),"C","")))/N13) | Q13: =IF(O13=0,"",(O13-LEN(SUBSTITUTE(SUBSTITUTE(M13,"G",""),"C","")))/O13)
L14: =IF(G14="","",MID(G14,21,LEN(G14)-20)) | M14: =IF(I14="","",LEFT(I14,LEN(I14)-20)) | N14: =LEN(L14) -> 0 | O14: =LEN(M14) -> 0 | P14: =IF(N14=0,"",(N14-LEN(SUBSTITUTE(SUBSTITUTE(L14,"G",""),"C","")))/N14) | Q14: =IF(O14=0,"",(O14-LEN(SUBSTITUTE(SUBSTITUTE(M14,"G",""),"C","")))/O14)
... L300: =IF(G300="","",MID(G300,21,LEN(G300)-20)) | M300: =IF(I300="","",LEFT(I300,LEN(I300)-20)) | N300: =LEN(L300) -> 0 | O300: =LEN(M300) -> 0 | P300: =IF(N300=0,"",(N300-LEN(SUBSTITUTE(SUBSTITUTE(L300,"G",""),"C","")))/N300) | Q300: =IF(O300=0,"",(O300-LEN(SUBSTITUTE(SUBSTITUTE(M300,"G",""),"C","")))/O300)

Sheet Templates
A1: Template_ID | B1: Gene (short) | C1: Organism | D1: Header as written in source | E1: Source file | F1: Length (nt) | G1: # pairs assigned here | H1: Sequence (sense, 5′→3′)

Sheet Amplifiers
A1: Amplifier | B1: Fluorophore (lab default) | C1: P1 5′ initiator half | D1: P1 spacer | E1: P2 spacer | F1: P2 3′ initiator half | G1: # sets in this file | H1: # pairs in this file
A2: B1 | B2: AF546 | C2: GAGGAGGGCAGCAAACGG | D2: AA | E2: TA | F2: GAAGAGTCTTCCTTTACG | G2: =COUNTIF(Probe_Sets!$I:$I,A2) -> 1 | H2: =SUMIF(Probe_Sets!$I:$I,A2,Probe_Sets!$K:$K) -> 1
A3: B2 | B3: AF647 | C3: CCTCGTAAATCCTCATCA | D3: AA | E3: AA | F3: ATCATCCAGTAAACCGCC | G3: =COUNTIF(Probe_Sets!$I:$I,A3) -> 0 | H3: =SUMIF(Probe_Sets!$I:$I,A3,Probe_Sets!$K:$K) -> 0
A4: B3 | B4: AF488 | C4: GTCCCTGCCTCTATATCT | D4: TT | E4: TT | F4: CCACTCAACTTTAACCCG | G4: =COUNTIF(Probe_Sets!$I:$I,A4) -> 0 | H4: =SUMIF(Probe_Sets!$I:$I,A4,Probe_Sets!$K:$K) -> 0
A5: B4 | B5: AF514 | C5: CCTCAACCTACCTCCAAC | D5: AA | E5: AT | F5: TCTCACCATATTCGCTTC | G5: =COUNTIF(Probe_Sets!$I:$I,A5) -> 0 | H5: =SUMIF(Probe_Sets!$I:$I,A5,Probe_Sets!$K:$K) -> 0
A6: B5 | B6: AF594 | C6: CTCACTCCCAATCTCTAT | D6: AA | E6: AA | F6: CTACCCTACAAATCCAAT | G6: =COUNTIF(Probe_Sets!$I:$I,A6) -> 0 | H6: =SUMIF(Probe_Sets!$I:$I,A6,Probe_Sets!$K:$K) -> 0
